ID,Absolute_Magnitude,Est_Dia_In_Km_Min,Est_Dia_In_Km_Max,Close_Approach_Date,Relative_Velocity_Km_Per_Hr,Miss_Dist_Kilometers,Minimum_Orbit_Intersection,Jupiter_Tisserand_Invariant,Epoch_Osculation,Eccentricity,Semi_Major_Axis,Inclination,Asc_Node_Longitude,Orbital_Period,Perihelion_Distance,Perihelion_Arg,Aphelion_Dist,Perihelion_Time,Mean_Anomaly,Mean_Motion,Hazardous
100004 1983VA,16.5,2.404,2.404,2063-11-15,58894.07657118444,0.15117,0.17434,2.975337162533521,2461000.5,0.703,2.589906,15.7,76.2933,1522.4,0.77,13.7515,4.41,2461051.9093357506,347.84318,0.2364687335785601,False
100085 1992UY4,17.8,,,-,39880.73605034844,,0.02485,3.082841609037362,2461000.5,0.619,2.651297,2.6,305.1694,1576.8,1.011,42.2368,4.292,2461483.741878051,249.67319,0.228310502283105,
100756 1998FM5,16.3,1.8,1.8,2039-02-14,30578.015415696875,0.13701,0.09296,3.3729291993807737,2461000.5,0.555,2.264763,11.6,176.5014,1244.9,1.009,312.0578,3.521,2460831.418939892,48.89507,0.2891798538035183,False
100926 1998MQ,16.7,1.5,1.5,2029-11-01,57020.82582661344,0.19991,0.12928,3.8938634080270327,2461000.5,0.408,1.782775,24.2,221.0728,869.4,1.056,138.8093,2.509,2460674.156520499,135.12454,0.4140786749482402,False
10115 1992SK,17.1,0.93,0.93,2031-08-25,37211.9204056734,0.19925,0.04641,5.061510532588736,2461000.5,0.325,1.248598,15.3,8.8702,509.6,0.843,233.7358,1.654,2460990.484467623,7.07529,0.706436420722135,False
10145 1994CK1,17.0,1.1,2.4,2040-06-20,69908.56164845388,0.14466,0.06296,3.67172953613962,2461000.5,0.633,1.899898,4.5,328.3673,956.5,0.698,27.443,3.102,2460631.379777394,138.92376,0.3763721902770517,False
10150 1994PN,15.4,,,-,,,0.22324,2.9795845554048768,2461000.5,0.544,2.373824,46.0,112.9705,1335.9,1.082,233.9874,3.666,2460349.10959189,175.53864,0.2694812485964518,
10165 1995BL2,17.4,,,-,,,0.37645,4.984369499984163,2461000.5,0.504,1.234597,23.9,312.4151,501.1,0.613,348.4665,1.857,2460973.924923676,19.09372,0.7184194771502693,
101869 1999MM,19.5,0.3,0.8,2030-07-29,73109.14133093027,0.19309,0.00159,4.085446993243238,2461000.5,0.611,1.624201,4.8,110.9199,756.1,0.632,268.8381,2.616,2461245.849276384,243.17679,0.4761274963629149,False
101873 1999NC5,16.4,,,-,,,0.43759,3.365015350396516,2461000.5,0.393,2.029357,45.8,128.774,1055.9,1.232,295.2704,2.827,2461129.732921291,315.94054,0.3409413770243394,
101955 Bennu,20.6,0.484,0.484,2037-02-11,23350.115956491863,0.09871,0.00303,5.527425425360824,2461000.5,0.204,1.126002,6.0,1.969,436.4,0.897,66.4073,1.355,2455439.1419408727,267.46912,0.8249312557286893,True
102873 1999WK11,17.7,0.5,0.5,2061-07-01,22044.19268203905,0.15418,0.14211,3.561742125468053,2461000.5,0.468,2.133164,7.4,72.5312,1138.0,1.136,220.6285,3.131,2461506.7367281127,199.8521,0.3163444639718805,False
10302 1989ML,19.5,0.248,0.248,2045-07-19,9037.117784759652,0.1212,0.08052,5.065634100081375,2461000.5,0.137,1.272757,4.4,104.2721,524.5,1.099,183.6252,1.447,2460823.4739960064,121.51304,0.6863679694947569,False
103067 1999XA143,16.9,,,-,,,0.04025,3.58020672812965,2461000.5,0.581,1.843394,38.6,116.513,914.2,0.772,104.1003,2.915,2460780.0509167444,86.81305,0.3937869175235178,
1036 Ganymed,9.4,,,-,,,0.34334,3.034597998113056,2461000.5,0.533,2.664969,26.7,215.4412,1589.0,1.244,132.5031,4.086,2460569.7189600123,97.59385,0.2265575833857772,
105140 2000NL10,15.8,,,-,,,0.35556,6.099465430823097,2461000.5,0.817,0.914303,32.5,237.279,319.3,0.167,281.6751,1.661,2460888.0288960133,126.79728,1.127466332602568,
105141 2000NF11,19.1,,,-,,,0.21155,4.654518589723442,2461000.5,0.189,1.420959,14.8,123.6957,618.7,1.152,116.0038,1.69,2460939.1956330147,35.67164,0.581865201228382,
10563 Izhdubar,16.9,1.2,1.2,2090-11-18,125743.88235405672,0.17972,0.14487,5.547283690196132,2461000.5,0.266,1.006789,63.5,56.5567,369.0,0.739,132.195,1.275,2460860.005045715,137.07462,0.975609756097561,False
10636 1998QK56,17.7,0.5,0.5,2061-02-08,41798.9812504302,0.16482,0.11038,3.765412621962299,2461000.5,0.513,1.884665,13.6,172.9159,945.0,0.918,286.3443,2.851,2460602.519942306,151.60519,0.3809523809523809,False
106538 2000WK63,16.3,1.58,1.58,2115-01-14,56705.31066527172,0.13958,0.12593,3.013850636194149,2461000.5,0.766,2.418842,10.3,163.3833,1374.1,0.567,41.7415,4.271,2460323.672809693,177.32531,0.2619896659631759,False
106589 2000WN107,16.0,3.48,3.48,2039-03-01,51541.03349349156,0.15759,0.13971,3.403357535893306,2461000.5,0.618,2.145566,14.4,163.3628,1147.9,0.82,11.816,3.471,2461259.942365091,278.63604,0.3136161686558062,False
108519 2001LF,17.9,1.47,1.47,2072-06-13,31474.74527063968,0.16794,0.15858,4.270550573369369,2461000.5,0.271,1.603508,16.4,267.2492,741.7,1.169,343.9256,2.038,2460939.7658577687,29.48022,0.4853714439800458,False
10860 1995LE,17.1,2.47,2.47,2061-08-31,27811.40513548381,0.09857,0.11042,3.1676884935029195,2461000.5,0.575,2.577426,4.1,257.1556,1511.4,1.095,75.5195,4.06,2460532.069258319,111.57586,0.2381897578404128,False
108906 2001PL9,17.9,0.7,1.6,2086-03-17,69315.0111666936,0.19309,0.19366,5.062192851689268,2461000.5,0.36,1.235243,20.9,172.0456,501.4,0.79,344.019,1.68,2460957.9563114773,30.54293,0.7179896290386917,False
11054 1991FA,17.0,1.0,2.3,2040-12-06,16176.860233451063,0.13374,0.12311,3.730862399510652,2461000.5,0.447,1.979383,3.1,339.0344,1017.2,1.096,92.3853,2.863,2461408.471780806,215.60919,0.3539127015336217,False
11066 Sigurd,15.2,4.2,4.2,2027-09-08,79379.79396894001,0.12361,0.11889,4.506223320006024,2461000.5,0.375,1.391626,36.9,349.2182,599.6,0.869,22.0201,1.914,2461074.9072561283,315.32796,0.600400266844563,False
111253 2001XU10,15.3,3.0,3.0,2047-08-08,87501.55357160028,0.10279,0.03139,3.742712189102163,2461000.5,0.44,1.753377,42.0,310.1387,848.0,0.982,6.9739,2.524,2461302.0476678964,231.98915,0.4245283018867924,False
112221 2002KH4,15.5,,,-,,,0.25321,2.906529467649763,2461000.5,0.443,2.271385,58.7,230.0602,1250.4,1.264,356.5769,3.279,2461084.92832499,335.69162,0.2879078694817658,
11284 Belenus,18.3,0.6,1.3,2052-01-26,7747.52142874932,0.16947,0.16836,4.078771777906643,2461000.5,0.337,1.740139,2.0,311.7012,838.4,1.153,171.165,2.327,2461335.6452483432,216.09985,0.4293893129770992,False
112985 2002RS28,15.8,,,-,,,0.41388,3.119410452989248,2461000.5,0.492,2.220378,47.0,211.9622,1208.5,1.128,105.2896,3.313,2460896.795108419,30.89321,0.2978899462143152,
11311 Peleus,15.8,1.6,1.6,2033-11-23,56891.2763300112,0.1949,0.09524,3.4307165509684205,2461000.5,0.536,2.116437,25.5,59.3172,1124.6,0.982,313.4258,3.25,2460517.5916001885,154.58272,0.3201138182464876,False
11398 1998YP11,16.3,,,-,36383.04215057556,,0.20247,4.047277839429071,2461000.5,0.389,1.720998,15.0,144.713,824.6,1.051,74.7687,2.391,2461179.9018565,281.68217,0.436575309240844,
11405 1999CV3,15.2,3.6,3.6,2043-08-05,56544.52527848916,0.13657,0.11721,4.462255431701862,2461000.5,0.394,1.459553,22.9,141.223,644.1,0.885,96.4455,2.034,2460969.3277906934,17.42376,0.5589194224499301,False
11500 Tomaiyowit,18.4,0.6,0.6,2028-06-11,34216.00602161202,0.08883,0.03438,5.656800640666421,2461000.5,0.356,1.079858,10.3,234.3849,409.9,0.696,289.5223,1.464,2461051.810900592,314.93246,0.8782629909734082,False
115052 2003RD6,17.4,,,-,,,0.39428,4.036031095133153,2461000.5,0.318,1.668721,31.3,190.4994,787.4,1.138,88.2043,2.2,2460647.0284290262,161.61556,0.4572009144018288,
11885 Summanus,18.5,1.23,1.23,2031-03-20,38581.7433705036,0.14759,0.06636,4.0049562649204224,2461000.5,0.475,1.703308,19.4,359.7628,812.0,0.895,116.2273,2.512,2461278.7048606807,236.6529,0.4433497536945813,False
1221 Amor,17.5,1.1,1.1,2089-04-07,38772.62661196116,0.19748,0.10797,3.780960975061475,2461000.5,0.435,1.919831,11.9,171.2372,971.6,1.085,26.7582,2.754,2460838.91416286,59.87049,0.370522848909016,False
12538 1998OH,15.9,1.663,1.663,2042-05-03,53378.5441888152,0.02921,0.03022,4.280990500374807,2461000.5,0.406,1.541572,24.5,220.6879,699.1,0.916,321.7891,2.167,2460683.94748156,163.00614,0.5149477900157345,False
12711 Tukmit,16.0,1.94,1.94,2053-07-19,77919.02958169224,0.11096,0.11236,5.1057475260042375,2461000.5,0.272,1.186341,38.5,294.9612,472.0,0.864,322.8894,1.509,2461162.5471977014,236.39634,0.7627118644067796,False
12923 Zephyr,15.8,2.06,2.06,2032-09-22,49649.10206062824,0.18602,0.01995,3.7160112390184414,2461000.5,0.493,1.962225,5.3,168.0792,1004.0,0.995,147.2109,2.929,2461460.997589096,194.87678,0.3585657370517928,False
13553 Masaakikoyama,16.5,2.91,2.91,2099-08-02,38226.1573908918,0.19322,0.18936,3.519468790839136,2461000.5,0.464,2.190008,5.9,193.4398,1183.8,1.175,110.018,3.205,2460688.6579501675,94.83537,0.3041054232133806,False
13651 1997BR,17.8,0.56,0.56,2034-08-02,51786.24531331608,0.16979,0.0156,4.817559646561097,2461000.5,0.306,1.335517,17.3,116.6327,563.7,0.927,133.8501,1.744,2460752.955801919,158.08213,0.6386375731772219,False
136564 1977VA,19.3,0.5,0.5,2056-10-27,26762.6349444996,0.18254,0.13695,3.888597491404549,2461000.5,0.394,1.865573,3.0,224.4473,930.7,1.13,172.6794,2.601,2461127.525397381,310.86665,0.3868056301708391,False
136582 1992BA,19.9,,,-,,,0.27385,4.874949663066117,2461000.5,0.068,1.341667,10.5,140.1571,567.6,1.25,107.3227,1.433,2460752.478658409,157.29901,0.6342494714587738,
136617 1994CC,17.9,0.6,0.6,2032-09-01,28520.6942660868,0.11068,0.01687,4.194065115860144,2461000.5,0.417,1.637634,4.7,268.5045,765.5,0.954,24.9496,2.321,2461145.8004428865,291.66461,0.4702808621815806,False
136618 1994CN2,16.9,0.7,0.7,2036-11-03,39580.538257779845,0.18636,0.01238,4.318372638013532,2461000.5,0.395,1.572896,1.4,99.3417,720.5,0.952,248.2672,2.194,2460640.349916897,179.94407,0.4996530187369882,False
136635 1994VA1,19.1,,,-,,,0.31393,4.380604249764552,2461000.5,0.175,1.573467,7.6,231.6809,720.9,1.298,311.2055,1.849,2460741.2989051645,129.43587,0.4993757802746567,
136745 1995WL8,17.9,,,-,,,0.2995,3.3235480457362385,2461000.5,0.484,2.365323,17.8,247.8874,1328.7,1.22,131.6144,3.51,2460627.6356891217,101.02275,0.270941521788214,
136770 1996PC1,20.5,,,-,53528.16568502772,,0.08857,3.7913896209247953,2461000.5,0.451,1.838486,25.1,326.2057,910.5,1.009,45.9412,2.668,2461290.321441515,245.41074,0.3953871499176277,
136773 1996TR6,18.6,,,-,,,0.37906,4.290026335434393,2461000.5,0.18,1.584555,22.1,196.2663,728.6,1.299,117.6264,1.87,2461178.5019675028,272.04351,0.4940982706560526,
136793 1997AQ18,18.4,1.2,1.2,2050-12-14,63632.7722360142,0.18825,0.18637,5.330260384636409,2461000.5,0.465,1.147005,17.4,296.2427,448.7,0.613,37.0337,1.681,2461108.4170441576,273.41431,0.8023178069979943,False
136795 Tatsunokingo,18.1,0.8,0.8,2050-05-31,35813.00467415102,0.1084,0.03666,3.9778952954333526,2461000.5,0.478,1.747047,11.0,50.1278,843.4,0.912,147.5587,2.582,2460645.6539514754,151.45625,0.4268437277685558,False
136818 Selqet,18.9,0.5,0.5,2026-05-21,62961.47683289352,0.13397,0.11228,6.3275853105912745,2461000.5,0.346,0.937501,12.8,259.9211,331.6,0.613,203.8377,1.262,2461084.0137935462,269.32128,1.0856453558504222,False
136839 1997WT22,18.8,0.45,0.45,2027-01-26,32234.0703124874,0.16117,0.1303,4.510335146083219,2461000.5,0.306,1.485382,8.2,71.9026,661.2,1.031,74.83,1.94,2460795.200419133,111.77247,0.5444646098003629,False
136849 1998CS1,17.7,0.8,1.7,2027-07-19,56498.71783241124,0.07656,0.01966,4.354747573390869,2461000.5,0.578,1.491507,7.8,110.668,665.3,0.629,97.8118,2.354,2460887.67038846,61.0505,0.541109274011724,False
136874 1998FH74,15.8,,,-,,,0.23563,2.930304821379011,2461000.5,0.884,2.202439,21.1,197.5304,1193.9,0.255,193.4136,4.149,2461480.3137220456,215.31586,0.3015327916910963,
136897 1998HJ41,18.6,,,-,,,0.26362,4.607430429942247,2461000.5,0.125,1.363375,38.9,211.8499,581.5,1.193,120.1038,1.533,2460964.414923994,22.34135,0.6190885640584695,
136900 1998HL49,17.4,0.9,2.0,2037-03-14,54121.03237570248,0.10498,0.08412,3.855091282779594,2461000.5,0.637,1.747408,11.0,205.9394,843.7,0.635,239.2648,2.86,2460862.4504010263,58.90439,0.4266919521156809,False
136923 1998JH2,16.3,,,-,,,0.21779,3.5798412442505696,2461000.5,0.442,2.133994,6.6,51.0583,1138.6,1.191,287.3216,3.077,2461474.370982303,210.17843,0.3161777621640611,
136993 1998ST49,17.8,,,-,95049.67570628364,,0.05503,3.2281410625290907,2461000.5,0.595,2.308966,24.5,18.1852,1281.5,0.934,48.1135,3.684,2461380.3182073995,253.30267,0.2809207959422551,
137032 1998UO1,16.6,,,-,92350.7127399546,,0.05959,3.907699533790837,2461000.5,0.763,1.595539,25.5,358.3133,736.1,0.378,252.6017,2.814,2461315.314015948,206.0438,0.4890639858714848,
137044 1998UC50,16.8,,,-,,,0.30729,3.483545229971291,2461000.5,0.429,2.268178,4.4,334.9913,1247.7,1.295,166.786,3.242,2461285.9661814286,277.63496,0.2885308968502044,
137052 Tjelvar,17.0,1.0,1.0,2037-11-14,119871.45850732812,0.08778,0.06818,4.724938970231246,2461000.5,0.81,1.247994,14.9,64.2549,509.2,0.238,209.9495,2.258,2460751.50287928,176.02726,0.7069913589945012,False
137062 1998WM,16.7,1.265,1.265,2037-05-01,54265.4738069184,0.17185,0.17011,5.10029922825669,2461000.5,0.315,1.224588,22.5,45.6209,495.0,0.838,172.5822,1.611,2461218.0505667524,201.77358,0.7272727272727273,False
137064 1998WP5,18.9,,,-,39678.055735040994,,0.2443,4.737467452758024,2461000.5,0.195,1.37406,19.5,36.0987,588.3,1.106,97.6365,1.642,2461223.41601552,223.59291,0.6119326874043856,
137078 1998XZ4,16.4,,,-,,,0.30056,3.549115516658208,2461000.5,0.638,1.938519,23.1,324.431,985.8,0.702,9.6401,3.175,2460920.2612140784,29.30106,0.3651856360316494,
137084 1998XS16,16.5,,,-,,,0.40757,5.041850056981343,2461000.5,0.497,1.212239,26.6,272.9768,487.5,0.61,358.3411,1.814,2461144.1843507923,253.89617,0.7384615384615385,
137099 1998YW3,18.2,,,-,76604.2021811826,,0.38788,5.444852067752052,2461000.5,0.463,1.100066,28.8,94.2634,421.4,0.591,194.8556,1.609,2461104.958811281,270.76794,0.8542952064546749,
137108 1999AN10,18.1,0.6,1.4,2027-08-07,72203.9372080632,0.00261,0.00067,4.239626955904999,2461000.5,0.562,1.458629,39.9,314.3213,643.5,0.639,268.3463,2.278,2460927.5491592926,40.81476,0.5594405594405595,False
137120 1999BJ8,18.2,0.6,1.4,2033-04-19,51940.58583501792,0.1829,0.02272,3.7360740463544433,2461000.5,0.549,1.900432,9.0,339.4261,956.9,0.857,222.039,2.944,2460832.181637578,63.32236,0.3762148604869892,False
137125 1999CT3,18.7,,,-,,,0.37841,4.506006189632761,2461000.5,0.132,1.426748,34.2,321.904,622.5,1.239,268.2266,1.615,2460703.034867217,172.03595,0.5783132530120482,
137126 1999CF9,18.0,0.9,0.9,2046-08-23,53979.01307428968,0.05655,0.0177,3.867979468870576,2461000.5,0.601,1.770062,5.5,156.8454,860.2,0.707,90.6127,2.834,2460789.9132984914,88.13582,0.4185073238781678,False
137158 1999FB,17.9,0.65,0.65,2081-02-23,70825.6413723888,0.19852,0.19755,5.14808666110007,2461000.5,0.607,1.179949,12.9,37.0872,468.2,0.464,3.0683,1.896,2460998.855075929,1.2649,0.7689021785561726,False
137170 1999HF1,14.6,4.4,4.4,2045-03-08,69410.89896189696,0.18675,0.17451,6.98688514073022,2461000.5,0.463,0.819121,25.7,155.8427,270.8,0.44,253.418,1.198,2460954.726591545,60.8549,1.329394387001477,False
137175 1999JA11,18.3,0.6,1.3,2040-02-04,41822.54984952576,0.11617,0.10693,5.013612299977266,2461000.5,0.341,1.261382,16.4,116.2163,517.4,0.831,328.3713,1.692,2460980.558307451,13.87383,0.6957866254348667,False
137199 1999KX4,16.9,0.81,0.81,2064-01-28,34692.13574797871,0.19898,0.19052,4.540586153746865,2461000.5,0.293,1.457368,16.6,104.8777,642.6,1.031,76.4999,1.884,2460865.122116881,75.83995,0.5602240896358543,False
137427 1999TF211,15.3,2.64,2.64,2065-03-03,88827.12859123152,0.09432,0.02916,2.9688434430049244,2461000.5,0.612,2.439521,39.5,347.8966,1391.7,0.947,162.3881,3.932,2461479.8739740746,235.99996,0.2586764388876913,False
137671 1999XP35,18.8,,,-,39643.8619171896,,0.19372,4.590095578195138,2461000.5,0.184,1.434762,21.1,263.4373,627.7,1.17,198.3186,1.699,2460950.6336493297,28.5984,0.5735223833041261,
137799 1999YB,18.7,,,-,,,0.21466,4.936687884369329,2461000.5,0.075,1.321193,6.8,30.9506,554.7,1.223,192.7818,1.42,2461154.92910017,259.77314,0.6489994591671173,
137802 1999YT,17.0,,,-,,,0.43668,3.860986852615713,2461000.5,0.352,1.776463,31.6,116.3953,864.8,1.151,272.6771,2.401,2460951.2409394938,20.50481,0.4162812210915819,
137805 1999YK5,16.7,2.99,2.99,2047-02-14,72164.5325925372,0.15553,0.11442,6.909027584067222,2461000.5,0.558,0.829403,16.7,349.5147,275.9,0.366,292.8792,1.292,2461082.818251755,252.5883,1.3048205871692644,False
137911 2000AB246,17.8,,,-,,,0.16381,3.4125909644134667,2461000.5,0.495,2.303785,3.8,29.2965,1277.2,1.164,312.3735,3.443,2460440.958300401,157.7152,0.281866583150642,
137924 2000BD19,17.5,0.97,0.97,2029-02-13,105195.87017761104,0.10976,0.09041,6.267326372140795,2461000.5,0.895,0.876433,25.8,333.6666,299.7,0.092,324.3743,1.661,2461022.810140494,333.20043,1.2012012012012012,False
137925 2000BJ19,16.1,,,-,,,0.38993,4.579086378143956,2461000.5,0.764,1.291773,31.1,131.219,536.3,0.305,175.5221,2.278,2460918.6836985108,54.92434,0.6712660824165579,
138013 2000CN101,14.7,3.518,3.518,2057-04-11,85309.94652158915,0.13666,0.10821,4.079082350601926,2461000.5,0.635,1.598271,16.0,183.3002,738.0,0.584,118.7576,2.613,2460711.5341005484,140.95328,0.4878048780487805,False
138095 2000DK79,16.0,1.7,4.0,2058-11-08,119574.37783243404,0.06537,0.04901,3.449512376380052,2461000.5,0.415,1.776591,60.7,43.4518,864.9,1.04,2.5995,2.513,2460936.6145100645,26.59042,0.4162330905306972,False
138127 2000EE14,17.1,0.46,0.46,2028-03-06,86358.58349091804,0.17102,0.02392,8.403077007225948,2461000.5,0.533,0.661834,26.5,155.7454,196.7,0.309,197.8538,1.015,2460952.136491412,88.53157,1.8301982714794105,False
138155 2000ES70,17.2,,,-,,,0.42902,3.8860348262807007,2461000.5,0.319,1.808542,25.5,177.688,888.4,1.231,281.5966,2.386,2461285.216198636,244.62191,0.4052228725799189,
138175 2000EE104,20.5,0.21,0.5,2026-11-08,56425.27532092704,0.0914,0.00936,6.021646948593133,2461000.5,0.293,1.003596,5.2,25.4683,367.2,0.709,280.8184,1.298,2460914.034581974,84.76333,0.9803921568627452,False
138205 2000EZ148,15.1,2.5,6.0,2050-08-21,43672.85490547224,0.13293,0.0937,3.1073403597374893,2461000.5,0.612,2.583879,11.2,3.8086,1517.1,1.003,305.8431,4.165,2460881.801577958,28.16701,0.2372948388372553,False
138258 2000GD2,19.1,0.27,0.27,2031-03-14,89539.64787637153,0.12618,0.07061,7.435792018178633,2461000.5,0.477,0.757764,32.1,358.1119,240.9,0.397,16.9857,1.119,2460935.058494517,97.78142,1.49439601494396,False
138325 2000GO82,16.7,,,-,,,0.3719,3.0957454177292787,2461000.5,0.805,2.162445,25.7,173.3322,1161.5,0.422,164.4377,3.903,2461044.662581364,346.31198,0.309944037882049,
138359 2000GX127,18.0,,,-,49634.02720293624,,0.26152,5.378724633082958,2461000.5,0.361,1.141498,20.2,43.9817,445.5,0.729,4.7533,1.554,2460816.375588767,148.80002,0.8080808080808081,
138404 2000HA24,19.3,0.4,0.8,2034-03-18,35763.701649759576,0.0409,0.02753,5.45612205394449,2461000.5,0.319,1.138705,2.2,309.3503,443.8,0.776,142.2138,1.501,2460871.9764136816,104.24852,0.8111762054979721,False
138524 2000OJ8,16.8,,,-,31805.50176297752,,0.02874,3.308665600679112,2461000.5,0.568,2.357758,6.2,226.5677,1322.4,1.019,181.2869,3.696,2461159.3718695533,316.74839,0.2722323049001814,
138727 2000SU180,19.3,0.4,0.8,2059-02-06,87952.51720039968,0.11674,0.03489,3.4634039451559664,2461000.5,0.605,2.104828,11.9,327.8878,1115.4,0.831,136.3261,3.379,2460819.6304327543,58.37738,0.322754168908015,False
138815 2000TQ64,18.0,,,-,14014.101540297204,,0.30315,3.6495112728344,2461000.5,0.381,2.090353,8.2,20.2578,1103.9,1.295,228.0138,2.886,2461448.478789173,213.9061,0.3261164960594256,
138846 2000VJ61,16.0,1.71,1.71,2088-05-28,56292.56132063688,0.17734,0.17747,3.396866062484354,2461000.5,0.565,2.182271,18.7,270.3127,1177.5,0.95,280.7134,3.415,2461388.186784951,241.47167,0.3057324840764331,False
138847 2000VE62,17.1,0.965,0.965,2086-04-20,42557.92021134288,0.16921,0.15537,4.20337813312331,2461000.5,0.288,1.619021,22.2,207.0854,752.4,1.153,16.3432,2.085,2461257.666297691,236.96202,0.4784688995215311,False
138852 2000WN10,20.3,0.23,0.5,2026-11-11,43922.28051427896,0.1838,0.12513,5.974225889885133,2461000.5,0.298,1.001754,21.5,60.8489,366.2,0.703,225.4158,1.3,2460907.8377880263,91.08882,0.9830693610049154,False
138859 2000WN63,19.0,0.37,0.37,2080-06-25,60643.670797293846,0.15308,0.1417,4.21512153200569,2461000.5,0.531,1.573187,13.2,55.8602,720.7,0.737,144.4345,2.409,2460709.7708999794,145.21849,0.4995143610378798,False
138877 2000XG47,16.8,1.2,2.6,2048-04-22,68071.63438807055,0.14572,0.10038,3.405471886808457,2461000.5,0.543,2.139985,25.3,43.7891,1143.4,0.978,127.6239,3.302,2461145.0836503133,314.4795,0.3148504460381318,False
138883 2000YL29,16.8,1.222,1.222,2028-09-15,49401.562191550205,0.14863,0.13849,4.334536084222009,2461000.5,0.344,1.53606,21.9,182.722,695.4,1.008,115.9277,2.064,2461286.745815472,211.80592,0.5176876617773943,False
138893 2000YH66,18.2,0.6,1.3,2043-01-18,87820.51601817684,0.1906,0.16479,5.038916070226107,2461000.5,0.744,1.172885,18.4,265.2392,464.0,0.301,341.3995,2.045,2460823.668196541,137.20862,0.7758620689655172,False
138911 2001AE2,19.4,,,-,,,0.23201,4.870520249940538,2461000.5,0.082,1.349627,1.7,171.4278,572.7,1.239,43.2264,1.46,2461237.688309244,210.9003,0.6286013619696176,
138925 2001AU43,15.9,,,-,,,0.21076,3.0859941475079,2461000.5,0.376,1.896507,72.2,129.3018,954.0,1.183,149.2779,2.611,2460796.2941863006,77.06207,0.3773584905660377,
138937 2001BK16,17.7,0.78,0.78,2045-07-05,80927.74206697464,0.15497,0.06229,3.299589429212439,2461000.5,0.678,2.072381,31.8,98.8294,1089.7,0.667,252.4238,3.477,2460579.2882083985,139.15542,0.3303661558227034,False
138947 2001BA40,18.8,0.44,0.44,2027-07-17,34754.65366859773,0.18665,0.18274,5.525640570779301,2461000.5,0.254,1.118908,12.8,270.8623,432.3,0.835,0.089,1.403,2461155.5645067343,230.87063,0.8327550312283136,False
138971 2001CB21,18.5,0.5,1.2,2026-09-29,32898.85534756494,0.05412,0.02422,5.867431166943825,2461000.5,0.333,1.033573,7.9,353.6471,383.8,0.689,271.9355,1.378,2460860.78542217,131.04917,0.9379885356956748,False
139047 2001EB16,17.4,0.9,1.9,2029-02-16,90416.57109536268,0.17706,0.16263,3.547830296248413,2461000.5,0.386,1.861751,47.0,149.519,927.9,1.143,346.2778,2.58,2461239.676354752,267.20174,0.3879728419010669,False
139056 2001FY,19.1,,,-,5682.780124285824,,0.27085,3.893448421153968,2461000.5,0.328,1.885495,4.7,111.1469,945.7,1.267,110.6481,2.504,2460549.460654448,171.70396,0.3806704028761764,
139211 2001GN2,18.1,0.6,1.4,2034-03-06,59150.648846447286,0.13401,0.02436,3.756243152275995,2461000.5,0.452,1.859535,26.1,173.5244,926.2,1.019,3.5672,2.7,2461252.837725804,261.92017,0.3886849492550205,False
139289 2001KR1,17.8,1.2,1.2,2059-06-11,106908.2388480258,0.17719,0.1786,4.620402596469094,2461000.5,0.841,1.259603,23.3,102.7004,516.4,0.2,291.4905,2.319,2460904.4319145675,66.97809,0.69713400464756,False
139345 2001KA67,16.8,,,-,56374.04891074285,,0.26233,3.6590523926519,2461000.5,0.702,1.805122,22.3,108.3422,885.8,0.538,38.0013,3.072,2460863.2902086424,55.76083,0.4064122826823211,
139359 2001ME1,16.5,4.94,4.94,2062-02-07,95166.37711625472,0.1174,0.01331,2.673157878688219,2461000.5,0.87,2.634415,6.0,84.5756,1561.8,0.343,302.395,4.926,2461560.085126958,231.01339,0.2305032654629274,False
139622 2001QQ142,18.5,0.5,1.2,2045-12-17,23450.557730867964,0.03027,0.01115,4.643868484502524,2461000.5,0.31,1.420506,9.3,83.163,618.4,0.98,337.966,1.861,2460891.122730853,63.67466,0.5821474773609314,False
140039 2001SO73,18.1,0.52,0.52,2045-06-16,60149.76591725568,0.18679,0.04551,3.8285630117362377,2461000.5,0.568,1.820621,4.8,197.0715,897.3,0.787,31.136,2.854,2460942.5098505747,23.26638,0.4012036108324975,False
140158 2001SX169,18.5,0.566,0.566,2043-01-23,61617.818800701,0.19396,0.02612,4.764634137218882,2461000.5,0.461,1.347339,2.5,126.7835,571.2,0.726,42.7155,1.968,2461021.898005971,346.51466,0.6302521008403361,False
140288 2001SN289,16.7,1.2,1.2,2027-03-12,114883.36291692036,0.12706,0.0189,3.521087848121532,2461000.5,0.508,1.784109,53.2,357.0585,870.4,0.877,225.6324,2.691,2460638.1637052456,149.8593,0.4136029411764706,False
140333 2001TD2,19.2,0.4,0.9,2051-09-07,76182.22587917629,0.18435,0.18458,6.122346971886383,2461000.5,0.482,0.961922,19.0,12.806,344.6,0.499,199.1098,1.425,2461044.484488183,314.04908,1.044689495066744,False
140928 2001VG75,18.3,,,-,,,0.24644,4.39151927960121,2461000.5,0.297,1.51879,20.7,245.4278,683.7,1.068,257.358,1.97,2461267.448183168,219.43269,0.5265467310223783,
141018 2001WC47,19.0,0.4,1.0,2055-04-28,22398.56971881344,0.16648,0.07728,4.725652615310368,2461000.5,0.241,1.398684,2.9,91.5969,604.2,1.061,101.4696,1.736,2460859.36468017,84.09314,0.5958291956305859,False
141052 2001XR1,17.5,0.953,0.953,2041-01-27,72638.2877476122,0.11387,0.10292,4.956694047353535,2461000.5,0.55,1.245507,17.7,291.4569,507.7,0.56,304.2338,1.931,2461019.6233724407,346.44032,0.7090801654520387,False
141053 2001XT1,18.9,0.5,1.0,2035-11-27,44957.66923157436,0.1439,0.04135,4.287698249718641,2461000.5,0.579,1.52835,2.7,316.2088,690.1,0.643,31.3802,2.414,2461160.2915104106,276.64652,0.5216635270250688,False
141056 2001XV4,17.3,0.81,0.81,2061-06-04,60405.03865893203,0.15925,0.14522,3.791645858524563,2461000.5,0.444,1.816588,28.9,259.0888,894.3,1.01,300.6604,2.623,2461409.5295687187,195.34531,0.402549480040255,False
141078 2001XQ30,18.8,0.5,1.0,2114-03-29,30733.51053806899,0.19813,0.18894,3.8398822639192223,2461000.5,0.451,1.86305,11.5,234.5682,928.8,1.023,270.8865,2.703,2460722.112790897,107.8988,0.3875968992248062,False
141079 2001XS30,17.7,,,-,,,0.30281,4.93508112247333,2461000.5,0.828,1.1645,28.5,251.4431,459.0,0.2,0.9073,2.129,2461128.627557236,259.50665,0.7843137254901961,
141354 2002AJ29,17.3,0.9,2.0,2030-04-23,30363.43509062399,0.12277,0.08791,3.700423779038696,2461000.5,0.451,1.988639,10.9,203.9041,1024.3,1.093,0.844,2.885,2460562.5471465155,153.92086,0.3514595333398418,False
141424 2002CD,20.6,0.2,0.5,2033-12-08,69253.98153731819,0.1197,0.07231,6.1588664782862805,2461000.5,0.177,0.979871,6.9,8.6586,354.3,0.807,331.7894,1.153,2461034.6027540336,325.34699,1.0160880609652836,False
141432 2002CQ11,20.0,0.239,0.239,2032-01-13,88396.5971876382,0.06573,0.01973,6.112975140570176,2461000.5,0.428,0.976206,2.5,81.3364,352.3,0.559,272.6394,1.394,2461068.566747754,290.44522,1.021856372409878,False
141447 2002CW59,17.2,,,-,63783.41458927753,,0.20142,3.1725712377760784,2461000.5,0.502,2.388487,32.0,150.9879,1348.3,1.188,7.6341,3.589,2460434.6551204594,151.08358,0.2670028925313357,
141484 2002DB4,16.4,0.9,0.9,2038-04-22,59179.52330190216,0.16562,0.1537,6.7891540003563335,2461000.5,0.37,0.857869,16.6,234.2239,290.2,0.541,94.161,1.175,2460955.719003566,55.54773,1.2405237767057202,False
141495 2002EZ11,18.4,0.39,0.39,2026-05-16,101679.1709603526,0.15633,0.00099,5.2236926324755535,2461000.5,0.802,1.114002,2.4,51.8837,429.5,0.22,317.7721,2.008,2460797.604396775,170.07796,0.8381839348079162,False
141498 2002EZ16,18.5,0.43,0.43,2033-11-30,81216.66968454528,0.1842,0.17634,6.246572246963968,2461000.5,0.567,0.921587,30.1,262.8913,323.1,0.399,25.3656,1.444,2460950.931500093,55.22113,1.1142061281337046,False
141525 2002FV5,18.1,0.6,1.4,2036-04-30,78757.48015925329,0.11599,0.03603,5.309567184524772,2461000.5,0.725,1.086964,34.0,38.834,413.9,0.299,308.1115,1.874,2461139.6182402805,239.00559,0.8697753080454217,False
141526 2002FA6,20.2,,,-,68984.3637169002,,0.31595,5.856923761721721,2461000.5,0.322,1.013646,30.1,174.6632,372.8,0.687,173.3893,1.34,2461075.7547195484,287.32093,0.965665236051502,
141527 2002FG7,18.8,0.5,1.0,2028-03-22,55267.86363170472,0.19913,0.041,4.2682038876142485,2461000.5,0.627,1.513305,9.2,187.4633,680.0,0.565,247.7223,2.462,2461124.584548657,294.30503,0.5294117647058824,False
141531 2002GB,19.2,,,-,102691.67924598877,,0.28031,5.9300642670208505,2461000.5,0.529,0.992105,22.5,40.8046,360.9,0.467,8.3251,1.517,2460959.492889891,40.90042,0.9975062344139652,
141593 2002HK12,18.3,0.39,0.39,2036-08-10,45791.40490534404,0.06736,0.02404,3.6510329234253738,2461000.5,0.529,2.002219,2.3,306.9731,1034.8,0.944,2.2781,3.061,2460769.382042596,80.40267,0.3478933127174333,False
141614 2002JV15,19.4,0.3,0.8,2037-11-10,104693.64587345664,0.15357,0.03957,4.139919111994118,2461000.5,0.536,1.624171,7.2,200.5998,756.0,0.753,127.417,2.495,2460791.523852847,99.5069,0.4761904761904761,False
141670 2002JS100,16.9,,,-,40601.660663728086,,0.22154,3.332904657027868,2461000.5,0.485,2.387029,13.3,144.1539,1347.1,1.23,192.2237,3.544,2460656.0949085867,92.0422,0.2672407393660456,
141761 2002MC,17.4,,,-,36547.51799733048,,0.26339,3.166099015407281,2461000.5,0.51,2.574591,18.9,151.4474,1508.9,1.263,159.8801,3.886,2461539.1842508507,231.47845,0.238584399231228,
141765 2002MP3,16.4,,,-,,,0.392,3.519115752696489,2461000.5,0.469,2.000214,33.1,100.298,1033.3,1.062,270.2094,2.938,2460901.166189441,34.60881,0.3483983354301752,
141851 2002PM6,17.8,0.64,0.64,2040-08-05,119295.6839043984,0.09598,0.03891,4.82172221253852,2461000.5,0.85,1.197958,19.1,304.0004,478.9,0.179,224.531,2.216,2461064.652823709,311.7766,0.7517226978492378,False
141874 2002PO34,17.9,,,-,,,0.27812,3.928897873016526,2461000.5,0.349,1.834657,11.0,143.601,907.7,1.195,291.0714,2.475,2460865.2446724013,53.64461,0.3966068084168778,
142040 2002QE15,16.3,1.2,1.2,2030-11-07,58390.18698417876,0.12,0.11608,4.057460170876008,2461000.5,0.344,1.667094,28.3,226.3783,786.2,1.093,160.5418,2.241,2461224.5390461623,257.41412,0.4578987534978376,False
142348 2002RX211,18.3,0.6,1.3,2106-12-02,36319.872541925884,0.17711,0.14677,3.634122152404229,2461000.5,0.457,2.065243,6.1,96.6261,1084.1,1.121,324.3928,3.01,2461292.6962331017,262.96642,0.3320726870214925,False
142464 2002TC9,18.3,0.886,0.886,2032-04-02,31224.07090853651,0.11839,0.05799,5.140917858975038,2461000.5,0.155,1.233911,16.3,191.8067,500.6,1.043,29.3412,1.425,2460844.6171885687,112.09248,0.7191370355573312,False
142555 2002TB58,16.4,,,-,46723.99432713984,,0.42876,3.0553011408776425,2461000.5,0.563,2.633333,23.4,219.1618,1560.8,1.15,268.0101,4.117,2460426.321414319,132.43182,0.230650948231676,
142561 2002TX68,18.2,,,-,,,0.24923,4.147130448519345,2461000.5,0.294,1.674039,16.7,150.097,791.1,1.183,122.5661,2.165,2461088.6962078097,319.86662,0.4550625711035267,
142563 2002TR69,17.2,0.86,0.86,2059-03-10,41729.86700343756,0.19022,0.10202,4.128488810330859,2461000.5,0.344,1.65995,20.5,341.9483,781.2,1.089,192.2912,2.23,2460677.898032355,148.67176,0.4608294930875575,False
142781 2002UM11,16.2,,,-,,,0.31133,3.5190358143143685,2461000.5,0.388,1.951104,41.0,228.9684,995.4,1.194,229.0518,2.708,2460655.260976771,124.85423,0.3616636528028933,
143381 2003BC21,16.2,,,-,,,0.29635,3.21312591391374,2461000.5,0.511,2.59625,5.5,292.1015,1528.0,1.27,114.1101,3.922,2461652.010575589,206.5009,0.2356020942408377,
143404 2003BD44,17.0,1.1,2.4,2039-07-28,77494.8767232798,0.19815,0.01755,3.620360518416612,2461000.5,0.608,1.967395,2.7,181.1628,1007.9,0.772,89.3953,3.163,2460930.183034824,25.11463,0.3571782914971723,False
143409 2003BQ46,17.8,,,-,,,0.2824,3.8036677642892514,2461000.5,0.351,1.949731,8.2,163.6909,994.4,1.266,44.4736,2.633,2460740.1265501194,94.26245,0.3620273531777956,
143487 2003CR20,18.8,0.5,1.0,2034-03-23,85428.53134915212,0.11117,0.00027,3.319622280937081,2461000.5,0.73,2.124431,5.0,177.04,1131.0,0.574,88.8676,3.675,2460694.857268549,97.28684,0.3183023872679045,False
143527 2003EN16,18.6,,,-,,,0.19105,4.142207624786336,2461000.5,0.352,1.66138,17.3,181.6926,782.2,1.076,242.2314,2.246,2461145.4215603485,293.29882,0.4602403477371516,
143624 2003HM16,16.0,2.63,2.63,2039-03-27,91712.02333265352,0.13976,0.05288,3.463605018595064,2461000.5,0.577,1.966682,35.5,195.8298,1007.4,0.831,47.1986,3.102,2460873.2254804834,45.48249,0.357355568790947,False
143637 2003LP6,16.5,,,-,,,0.34121,3.372142762125378,2461000.5,0.884,1.746359,43.6,144.441,842.9,0.203,260.7236,3.29,2461285.293676661,238.37181,0.4270969272748843,
143643 2003NP7,18.2,,,-,,,0.27406,3.541017607305717,2461000.5,0.418,2.179631,11.2,284.9626,1175.4,1.268,324.0954,3.091,2461034.072684076,349.71711,0.3062787136294027,
143649 2003QQ47,17.4,0.9,2.0,2031-03-19,106324.88218228189,0.08654,0.00163,5.214734058382934,2461000.5,0.187,1.085323,62.1,0.9845,413.0,0.882,104.9648,1.288,2460813.757324392,162.78292,0.8716707021791767,False
143651 2003QO104,16.1,2.29,2.29,2034-04-20,38689.64757794304,0.17882,0.00189,3.5064852246834137,2461000.5,0.526,2.133019,11.6,58.1655,1137.9,1.011,183.5902,3.255,2460677.933289714,102.05437,0.3163722646981281,False
143678 2003SA224,16.5,1.4,3.0,2042-03-10,29388.57476560693,0.15712,0.15054,4.186912841007809,2461000.5,0.329,1.649599,13.9,2.7638,773.9,1.107,142.0283,2.192,2460735.9540991085,123.0659,0.4651763793771805,False
143947 2003YQ117,15.4,2.01,2.01,2051-11-06,82415.72201556456,0.12234,0.1029,3.299628805021575,2461000.5,0.654,2.181967,21.0,217.4887,1177.3,0.754,135.7158,3.61,2461039.139686,348.18414,0.3057844219825023,False
143992 2004AF,16.1,1.75,1.75,2028-08-20,77601.28258182059,0.16827,0.03291,3.552338514174253,2461000.5,0.554,1.971134,27.1,315.6078,1010.8,0.88,57.9858,3.062,2461034.670878825,347.83015,0.3561535417491096,False
14402 1991DB,18.7,0.56,0.56,2110-04-17,25259.95854573505,0.19733,0.10239,4.065175934856523,2461000.5,0.402,1.71484,11.4,158.1394,820.2,1.026,51.5311,2.404,2460679.112044469,141.05814,0.4389173372348207,False
144332 2004DV24,16.6,1.3,2.9,2035-09-10,107758.76898042756,0.09365,0.0056,4.218171574767186,2461000.5,0.29,1.423013,55.9,171.1285,620.0,1.011,186.4164,1.835,2460865.004697968,78.67109,0.5806451612903226,False
144411 2004EW9,16.5,2.14,2.14,2028-05-18,45520.97192311752,0.19713,0.09145,3.728684287750076,2461000.5,0.534,1.917175,8.8,288.7868,969.6,0.894,8.1808,2.941,2460977.9435666134,8.37494,0.3712871287128713,False
144861 2004LA12,15.4,,,-,,,0.35718,2.785317864624904,2461000.5,0.749,2.508739,39.4,159.1826,1451.4,0.629,199.4802,4.388,2460653.34459152,86.10826,0.2480363786688714,
144898 2004VD17,18.8,0.32,0.32,2032-05-01,56055.09289870368,0.02099,0.00176,4.318611171880897,2461000.5,0.589,1.508016,4.2,223.9422,676.4,0.62,91.0242,2.396,2460701.579533773,159.09292,0.5322294500295683,False
144900 2004VG64,18.3,0.6,1.3,2026-10-17,113127.6931875306,0.17964,0.02763,5.899148132181367,2461000.5,0.656,0.968426,36.2,208.841,348.1,0.333,43.9562,1.603,2460919.856695061,83.40129,1.0341855788566503,False
144901 2004WG1,17.5,2.24,2.24,2027-04-17,60665.41561160592,0.06492,0.0562,4.106428158847606,2461000.5,0.522,1.639905,13.0,41.9777,767.1,0.784,232.4878,2.496,2460789.9666995173,98.80911,0.4692999608916699,False
144922 2005CK38,17.4,,,-,,,0.25835,3.5949700122889774,2461000.5,0.412,2.132505,8.2,8.7254,1137.5,1.253,213.645,3.012,2461467.424436185,212.22006,0.3164835164835164,
145656 4788P-L,16.5,,,-,,,0.25726,3.132922155330064,2461000.5,0.555,2.642083,11.1,174.3525,1568.6,1.176,100.9433,4.108,2460553.5999971502,102.56396,0.2295040163202856,
14827 Hypnos,18.9,,,-,49252.79489444892,,0.01577,2.931660770113691,2461000.5,0.664,2.85074,2.0,57.7269,1758.1,0.957,238.6406,4.744,2460495.5584483026,103.39722,0.2047665092998123,
152558 1990SA,16.8,,,-,74808.59945681412,,0.30844,3.462914769906065,2461000.5,0.441,2.013768,38.1,172.1447,1043.8,1.125,115.1373,2.902,2460599.8338812725,138.1887,0.3448936577888484,
152560 1991BN,19.2,0.2,0.2,2028-11-19,27545.83375687085,0.15359,0.02058,4.5697339116579405,2461000.5,0.398,1.443506,3.4,268.8021,633.5,0.869,80.9895,2.018,2460782.645271937,123.80649,0.5682715074980268,False
152561 1991RB,19.2,0.4,0.9,2041-02-21,45538.30519833276,0.19429,0.0387,4.448576814313722,2461000.5,0.486,1.454417,19.6,359.2841,640.7,0.748,68.9735,2.161,2460743.256080632,144.54923,0.5618854378024036,False
152563 1992BF,19.7,0.46,0.46,2029-12-08,82093.2387520302,0.15793,0.06258,6.529593851920929,2461000.5,0.272,0.907875,7.2,315.1915,316.0,0.661,336.566,1.155,2461103.825670294,242.27373,1.139240506329114,False
152564 1992HF,19.6,0.282,0.282,2041-12-05,62360.45274556584,0.15516,0.12002,4.57352502981146,2461000.5,0.562,1.390999,13.3,213.3593,599.2,0.61,128.3456,2.172,2460819.915701926,108.49102,0.6008010680907877,False
152575 1994GY,17.0,,,-,,,0.2588,3.133335079957413,2461000.5,0.528,2.678724,12.3,33.6591,1601.4,1.266,190.5401,4.092,2460719.2126600803,63.23571,0.2248032971150243,
152637 1997NC1,17.8,0.44,0.44,2026-06-27,46714.03932104064,0.01715,0.01527,6.780627092973513,2461000.5,0.209,0.864895,16.7,96.4577,293.8,0.685,16.5997,1.045,2461093.574164309,245.95191,1.2253233492171545,False
152664 1998FW4,19.7,0.34,0.34,2029-09-30,80506.26749875824,0.02614,0.01508,3.037688872760289,2461000.5,0.714,2.520166,3.4,353.5342,1461.3,0.721,85.607,4.32,2460991.3490450634,2.25438,0.2463559843974543,False
152667 1998FR11,16.4,4.89,4.89,2031-05-13,70076.58833308103,0.11486,0.06548,2.8841283415041303,2461000.5,0.708,2.807118,6.7,129.8441,1717.9,0.821,158.5979,4.793,2461322.1141825304,292.60193,0.2095581815006694,False
152671 1998HL3,20.2,0.298,0.298,2028-06-27,81609.8856396246,0.17535,0.04539,5.475452292534571,2461000.5,0.366,1.128971,2.7,163.6308,438.1,0.716,188.1514,1.542,2461128.386832633,254.92345,0.8217301985847979,False
152679 1998KU2,16.6,4.692,4.692,2042-07-31,28436.63062128498,0.08825,0.06008,3.404060187768447,2461000.5,0.552,2.251777,4.9,205.7156,1234.2,1.008,120.3042,3.496,2460935.265070237,19.02814,0.2916869227029655,False
152680 1998KJ9,19.5,0.3,0.8,2044-01-05,64526.07461891724,0.07313,0.0059,4.390611753831265,2461000.5,0.64,1.447687,10.9,98.5394,636.2,0.522,260.1049,2.374,2461207.223914272,243.02771,0.565859792518076,False
152685 1998MZ,19.3,0.4,0.8,2041-11-17,80735.574598047,0.16872,0.00162,4.699490821365333,2461000.5,0.573,1.346151,0.1,122.3017,570.5,0.575,39.2251,2.118,2461188.330344123,241.46983,0.6310254163014899,False
152742 1998XE12,19.2,0.413,0.413,2038-01-25,94966.28475469993,0.14909,0.11178,6.464974717824568,2461000.5,0.739,0.87808,13.4,280.0119,300.5,0.229,353.1708,1.527,2460986.7173570115,16.50956,1.1980033277870217,False
152754 1999GS6,19.2,0.414,0.414,2032-09-14,63608.29564449745,0.10271,0.01887,5.199536545728024,2461000.5,0.497,1.190895,2.0,314.3594,474.7,0.599,134.9973,1.783,2461176.2128559174,226.74072,0.7583737097113967,False
152756 1999JV3,18.9,0.5,0.5,2074-11-09,42122.94695066125,0.19683,0.06648,4.514597196445485,2461000.5,0.415,1.450592,15.2,229.0143,638.1,0.849,101.5792,2.052,2460975.3925733743,14.16408,0.5641748942172073,False
152770 1999RR28,18.4,0.6,1.3,2048-10-01,59588.70592958893,0.19087,0.01687,3.672443614419801,2461000.5,0.654,1.878419,7.1,178.1353,940.3,0.649,284.6068,3.107,2460935.1301070736,25.02609,0.3828565351483569,False
152787 1999TB10,18.7,0.5,1.1,2032-03-16,39337.00068264912,0.18177,0.09645,4.773966957775369,2461000.5,0.232,1.363464,16.0,1.8788,581.5,1.048,137.4563,1.679,2460936.478192534,39.63385,0.6190885640584695,False
152828 1999VT25,21.2,0.16,0.3,2088-11-30,76987.61960104044,0.16406,0.04833,5.280593822374599,2461000.5,0.523,1.162026,5.2,221.9243,457.5,0.554,319.2459,1.77,2461193.160914412,208.40879,0.7868852459016393,False
152889 2000CF59,16.6,,,-,,,0.31662,3.7517744685636463,2461000.5,0.641,1.679446,41.5,141.7437,795.0,0.603,222.467,2.756,2461013.401823577,354.15741,0.4528301886792453,
152895 2000CQ101,18.2,0.6,1.4,2104-04-20,17275.454520051204,0.17298,0.14925,3.426104191632712,2461000.5,0.495,2.286743,3.0,29.732,1263.1,1.154,174.3718,3.419,2460545.9887098065,129.54564,0.2850130630987253,False
152931 2000EA107,16.3,0.95,0.95,2045-04-27,81003.69454950144,0.1686,0.16292,6.257982064651156,2461000.5,0.456,0.929711,28.6,52.8729,327.4,0.506,278.0152,1.353,2460948.570893104,57.09429,1.0995723885155773,False
152941 2000FM10,17.6,0.82,0.82,2084-01-05,71241.20367461749,0.16801,0.12706,4.28547708529584,2461000.5,0.681,1.48132,8.7,18.518,658.5,0.473,343.9795,2.49,2461109.2915714225,300.52619,0.5466970387243736,False
152942 2000FN10,16.7,1.2,2.7,2027-04-06,57349.28093274756,0.19769,0.17983,3.651557858139057,2461000.5,0.457,1.938084,27.1,8.1578,985.5,1.053,235.4134,2.824,2460557.024353617,161.99999,0.365296803652968,False
152952 2000GC2,17.6,,,-,,,0.2792,4.338165751924958,2461000.5,0.187,1.383502,55.3,358.6822,594.4,1.125,280.2006,1.642,2461285.9084689664,187.13738,0.6056527590847914,
152964 2000GP82,17.8,0.7,0.7,2028-01-25,42068.560029558124,0.09552,0.09156,4.653377826239703,2461000.5,0.393,1.396757,13.2,114.8533,602.9,0.847,333.1052,1.946,2461166.12466307,261.111,0.5971139492453144,False
152978 2000GJ147,19.5,0.34,0.34,2084-05-09,49587.479130388325,0.14565,0.02701,5.309531353478388,2461000.5,0.237,1.162308,25.0,57.842,457.7,0.887,240.7847,1.438,2460887.755677747,88.67819,0.7865414026655014,False
153002 2000JG5,18.2,0.8,0.8,2031-05-04,99163.28219552172,0.19096,0.02986,4.4061346827285215,2461000.5,0.796,1.340661,31.4,213.0318,567.0,0.273,233.4644,2.408,2461250.17250764,201.47554,0.6349206349206349,False
153195 2000WB1,17.5,1.44,1.44,2043-10-22,101123.56572092784,0.11134,0.09137,4.590663592673597,2461000.5,0.619,1.301414,41.1,21.358,542.3,0.496,262.9115,2.107,2460992.7465378586,5.14727,0.663839203392956,False
153201 2000WO107,19.2,0.51,0.51,2031-02-06,87780.70794560759,0.12881,0.00286,6.229384842404419,2461000.5,0.781,0.911132,7.8,69.1854,317.7,0.2,213.7649,1.623,2461042.161416316,312.78646,1.13314447592068,False
153219 2000YM29,18.5,,,-,,,0.19489,3.360862436228455,2461000.5,0.436,2.089009,40.3,116.5359,1102.8,1.179,0.9964,2.999,2460743.200490045,83.99094,0.3264417845484222,
153220 2000YN29,17.5,0.81,0.81,2054-03-26,40345.51938596064,0.11872,0.03206,3.0821777552435847,2461000.5,0.668,2.540578,6.2,64.213,1479.1,0.844,142.6147,4.237,2460895.2113222363,25.62636,0.2433912514366845,False
153243 2001AU47,17.5,,,-,,,0.40209,4.691564547939508,2461000.5,0.531,1.29886,36.0,311.8954,540.7,0.61,9.3783,1.988,2461006.265446197,356.16123,0.6658035879415571,
153249 2001BW15,15.6,2.0,4.0,2032-08-26,93074.13854256096,0.17206,0.0561,3.230787250163865,2461000.5,0.591,2.117475,41.3,328.7641,1125.4,0.867,298.0564,3.368,2461179.287599256,302.81079,0.3198862626621645,False
153267 2001CB32,17.9,0.7,1.6,2043-08-21,63123.77039742324,0.16712,0.11939,3.8316443040383583,2461000.5,0.614,1.781441,9.7,75.5355,868.5,0.688,330.5318,2.875,2460581.8929215297,173.5216,0.4145077720207253,False
153271 2001CL42,17.4,2.441,2.441,2071-09-15,52836.95393678484,0.19043,0.19134,4.273099107892581,2461000.5,0.402,1.557307,21.6,12.0104,709.8,0.931,270.8778,2.184,2461351.0733348858,182.20414,0.507185122569738,False
153306 2001JL1,16.8,,,-,,,0.50638,3.10220906849858,2461000.5,0.523,2.553031,27.0,226.6414,1490.0,1.217,272.3215,3.889,2460859.141712683,34.15398,0.2416107382550335,
153311 2001MG1,17.4,0.9,2.0,2068-08-12,66861.7566011784,0.07083,0.0397,3.011224077008807,2461000.5,0.646,2.501823,28.4,142.3205,1445.4,0.886,218.5308,4.118,2460824.785221214,43.76506,0.24906600249066,False
153315 2001NH6,19.6,0.3,0.7,2030-07-18,107491.52115766837,0.13642,0.09797,4.922080063459372,2461000.5,0.45,1.237252,34.7,112.5256,502.7,0.681,288.4092,1.794,2460756.0906616165,175.03896,0.7161328824348518,False
153349 2001PJ9,18.6,0.5,1.1,2047-01-29,65884.68390800736,0.0889,0.05196,3.781411254944527,2461000.5,0.638,1.799996,10.6,283.5952,882.1,0.652,291.4466,2.948,2460851.6047593714,60.76835,0.4081169935381475,False
153415 2001QP153,17.1,1.0,2.3,2033-08-07,89242.34043521053,0.12806,0.07414,6.354793402368541,2461000.5,0.214,0.891526,50.2,317.6708,307.5,0.701,244.2748,1.082,2460967.144184687,39.05477,1.170731707317073,False
153460 2001RN,19.7,0.3,0.7,2043-09-06,53426.93365453608,0.14838,0.1396,4.515925702081372,2461000.5,0.581,1.413904,10.1,211.4392,614.1,0.592,30.449,2.236,2461304.385348189,181.8507,0.5862237420615535,False
153591 2001SN263,17.0,2.5,2.5,2036-03-06,24639.15845659665,0.14622,0.04718,3.6949795502149296,2461000.5,0.48,1.987763,6.7,325.7089,1023.6,1.034,173.0586,2.942,2460647.684712485,124.08081,0.3516998827667057,False
153792 2001VH75,18.2,0.6,1.3,2056-12-01,96675.06112413984,0.06793,0.0565,3.3158168365070773,2461000.5,0.743,2.098337,10.5,274.5315,1110.2,0.54,246.1226,3.657,2461237.9841970024,282.99374,0.3242658980363898,False
153814 2001WN5,18.3,0.94,0.94,2028-06-26,40097.582838270006,0.00166,0.0019,4.054267325117227,2461000.5,0.467,1.711496,1.9,277.3516,817.8,0.912,44.6486,2.511,2461167.2898475584,286.58077,0.4402054292002935,False
153842 2001XT30,16.7,,,-,,,0.20774,3.0755795890285285,2461000.5,0.567,2.749206,9.0,139.8283,1665.0,1.19,219.3886,4.308,2460423.5510295536,124.74712,0.2162162162162162,
153951 2002AC3,18.7,,,-,,,0.24941,3.9098754766732498,2461000.5,0.342,1.83621,15.5,314.3731,908.8,1.208,215.1577,2.464,2460549.432097012,178.67447,0.3961267605633803,
153953 2002AD9,16.8,,,-,,,0.40954,3.522764768145988,2461000.5,0.809,1.773378,31.0,2.5644,862.6,0.339,9.8059,3.208,2460833.816429716,69.56565,0.4173429167632738,
153957 2002AB29,17.8,,,-,156407.7678544199,,0.08157,2.680621183013434,2461000.5,0.759,2.531871,46.5,89.7133,1471.5,0.61,73.1642,4.454,2461168.1036260864,318.9961,0.2446483180428134,
153958 2002AM31,18.3,0.4,0.4,2032-07-29,36533.51259123636,0.03406,0.03203,4.073241623630713,2461000.5,0.451,1.703268,4.6,144.3608,811.9,0.934,197.9455,2.472,2461035.950577415,344.2818,0.4434043601428747,False
154007 2002BY,18.1,0.6,1.4,2061-05-22,9593.758861366896,0.17874,0.17499,3.9699048354860818,2461000.5,0.347,1.818009,2.7,214.2401,895.3,1.187,23.7555,2.449,2461423.5187285547,189.91357,0.4020998547972746,False
154019 2002CZ9,22.0,0.11,0.24,2031-03-04,66904.82687017153,0.04406,0.02534,4.864780635889288,2461000.5,0.36,1.325269,5.0,142.8403,557.3,0.848,80.8802,1.803,2460748.2919015554,162.93224,0.6459716490220707,False
154020 2002CA10,19.1,0.4,0.9,2049-06-30,71571.67491825829,0.16219,0.15374,4.235884684823332,2461000.5,0.59,1.541181,12.1,145.3206,698.8,0.632,222.2078,2.45,2461285.701719679,213.08178,0.5151688609044076,False
154029 2002CY46,16.5,,,-,86360.24694182003,,0.08677,3.5200686787564868,2461000.5,0.462,1.88977,44.2,346.1413,948.9,1.016,319.3967,2.764,2461098.7199114542,322.73595,0.379386658235852,
154035 2002CV59,17.4,,,-,134047.42482327946,,0.42595,4.835404063525273,2461000.5,0.532,1.210024,49.1,13.0902,486.2,0.566,347.1455,1.854,2460783.6437321254,160.57761,0.7404360345536817,
154144 2002FA5,17.5,,,-,,,0.36764,3.8766129391931567,2461000.5,0.296,1.834114,23.6,172.5585,907.3,1.291,126.3491,2.377,2460715.370866698,113.1374,0.3967816598699438,
154229 2002JN97,16.6,1.3,2.8,2050-02-11,71840.97245242476,0.17369,0.15787,3.6271970063690095,2461000.5,0.719,1.851317,10.1,67.6295,920.1,0.521,341.6623,3.182,2460601.833981214,155.98838,0.3912618193674601,False
154244 2002KL6,17.5,0.8,1.9,2030-08-02,39547.769260122,0.06244,0.06133,3.367697068799965,2461000.5,0.55,2.304895,3.2,212.8674,1278.1,1.037,98.4364,3.572,2461439.555892121,236.33493,0.2816681010875518,False
154268 2002RM129,18.1,0.83,0.83,2031-01-29,46854.00702845244,0.1768,0.17724,4.36697937332784,2461000.5,0.465,1.511192,14.6,132.6511,678.5,0.808,357.5676,2.214,2460860.97466803,74.02485,0.5305821665438467,False
154269 2002SM,17.9,1.4,1.4,2030-04-10,37283.26776633252,0.05623,0.02256,3.795991587774282,2461000.5,0.486,1.871452,14.4,10.7741,935.1,0.961,217.5027,2.782,2460756.282479725,94.01841,0.3849855630413859,False
154275 2002SR41,20.1,0.26,0.6,2046-11-01,38169.61033516884,0.10448,0.03668,5.581108110943605,2461000.5,0.491,1.083652,11.6,247.7664,412.0,0.552,258.1973,1.615,2460875.4864615435,109.22611,0.8737864077669902,False
154276 2002SY50,17.7,1.06,1.06,2051-10-28,64527.90372435096,0.02525,0.00394,3.871915749669984,2461000.5,0.689,1.705279,8.7,34.0163,813.4,0.53,99.7076,2.88,2460762.8827847955,105.16927,0.4425866732235062,False
154278 2002TB9,16.6,1.3,2.8,2054-04-19,81198.14750691228,0.18773,0.18502,3.708267347506189,2461000.5,0.592,1.803979,29.8,196.2201,885.0,0.737,322.6729,2.871,2460732.0318611725,109.20683,0.4067796610169492,False
154300 2002UO,19.3,0.4,0.8,2074-03-30,50746.0739376834,0.19818,0.14164,5.1435839708962,2461000.5,0.473,1.209387,8.3,90.6578,485.8,0.638,184.2552,1.781,2461230.781269755,189.34673,0.7410456978180321,False
154302 2002UQ3,17.7,0.8,1.7,2048-04-20,78538.26165792948,0.19252,0.03808,3.859379315800396,2461000.5,0.562,1.719745,28.8,222.702,823.7,0.754,280.9711,2.685,2460896.9334929218,45.26133,0.4370523248755614,False
154330 2002VX94,18.2,0.6,1.4,2030-03-20,30200.16935817821,0.14346,0.0328,4.4888039665163015,2461000.5,0.409,1.476606,7.2,320.0581,655.4,0.873,215.223,2.08,2461267.9090125817,213.11302,0.549282880683552,False
154347 2002XK4,16.1,,,-,,,0.27014,3.63253676019358,2461000.5,0.692,1.850405,17.7,331.6275,919.4,0.57,24.9954,3.131,2460819.0394375343,71.05359,0.3915597128562106,
154453 2003CJ11,15.4,,,-,,,0.34459,2.739341813272417,2461000.5,0.835,2.583255,20.8,61.6994,1516.5,0.426,356.4214,4.741,2461717.637194799,189.7624,0.2373887240356083,
154555 2003HA,16.7,0.8,0.8,2047-05-02,107981.87705334576,0.15962,0.11694,5.015586539950256,2461000.5,0.58,1.184566,36.8,53.4768,470.9,0.497,277.1365,1.872,2460876.7488789144,94.60501,0.7644935230409854,False
154589 2003MX2,16.7,,,-,,,0.26271,3.442539607454541,2461000.5,0.459,2.289133,7.2,58.624,1265.0,1.238,300.6073,3.34,2460567.0431328365,123.35118,0.2845849802371542,
154590 2003MA3,21.7,0.086,0.086,2034-01-25,26489.61292048384,0.11902,0.01309,5.55232026737036,2461000.5,0.402,1.105202,1.4,152.6629,424.4,0.661,228.8751,1.55,2460957.6777215623,36.32552,0.8482563619227145,False
154631 2003WO25,18.2,,,-,60013.8790997886,,0.20385,4.258084748769656,2461000.5,0.491,1.557433,15.9,357.8325,709.9,0.792,176.0862,2.323,2460912.4839637675,44.63256,0.5071136779828145,
154652 2004EP20,18.9,,,-,64534.1987764548,,0.2357,5.689692033588791,2461000.5,0.451,1.058451,16.2,159.5669,397.7,0.582,191.3494,1.535,2461195.593720016,183.42021,0.9052049283379432,
154656 2004FE3,16.4,1.4,3.0,2099-08-24,67005.35139802824,0.19141,0.15291,3.188252944627818,2461000.5,0.647,2.31065,22.9,339.1034,1282.9,0.816,338.2248,3.805,2460961.089985552,11.05883,0.2806142333775041,False
154658 2004FA18,19.3,0.4,0.8,2050-05-13,46930.35185299224,0.15783,0.15298,5.517139568687688,2461000.5,0.455,1.096611,19.3,29.5753,419.4,0.598,318.6526,1.595,2461204.8615972204,184.60215,0.8583690987124464,False
154715 2004LB6,18.5,0.4,0.4,2041-08-24,35174.10298162428,0.12437,0.05818,4.184505326304697,2461000.5,0.491,1.618496,4.1,182.7485,752.1,0.824,190.6346,2.413,2460770.361753804,110.16035,0.4786597526924611,False
154807 2004PP97,18.6,0.3,0.3,2062-10-26,42021.37791337428,0.17241,0.14644,4.482992150206937,2461000.5,0.317,1.483922,15.5,15.0742,660.3,1.014,68.723,1.954,2461326.247772404,182.38943,0.5452067242162654,False
154988 2004XN35,18.4,0.61,0.61,2069-04-25,85105.74039959376,0.17515,0.15245,4.233473467484358,2461000.5,0.68,1.505702,9.8,132.9643,674.8,0.482,189.9928,2.53,2460716.913464564,151.27991,0.5334914048606995,False
154991 Vinciguerra,18.6,,,-,6440.77182269016,,0.19474,4.130660365467529,2461000.5,0.323,1.704858,5.6,245.4576,813.1,1.155,269.621,2.255,2460652.36590717,154.14109,0.4427499692534743,
154993 2005EA94,18.0,0.828,0.828,2048-02-17,89466.75160811712,0.15632,0.07487,4.225849127201706,2461000.5,0.664,1.516508,10.3,104.0551,682.1,0.51,309.0336,2.523,2460895.0742473565,55.63955,0.5277818501685969,False
155110 2005TB,17.5,0.6,0.6,2042-04-29,76415.69724210144,0.11885,0.11299,4.921554144429777,2461000.5,0.349,1.261368,30.4,226.1674,517.4,0.822,44.7819,1.701,2460830.0688228416,118.57433,0.6957866254348667,False
155140 2005UD,17.4,1.15,1.15,2041-10-03,128837.32491197195,0.09163,0.07666,4.507631207732087,2461000.5,0.872,1.274802,28.6,19.6502,525.7,0.163,207.6706,2.387,2460970.820324298,20.32353,0.6848012174243865,False
155334 2006DZ169,17.2,,,-,,,0.22356,3.691207785179594,2461000.5,0.409,2.034753,6.6,14.6169,1060.1,1.202,276.2726,2.867,2461427.5817556763,214.97352,0.3395906046599378,
155336 2006GA1,18.4,0.5,1.2,2036-08-14,120054.83077030176,0.10344,0.07226,3.3132277276043656,2461000.5,0.738,2.120603,4.2,64.3416,1127.9,0.557,355.3087,3.685,2460458.2209261125,173.07638,0.3191772320241156,False
155338 2006MZ1,20.5,0.21,0.5,2055-12-10,34464.19107789321,0.13045,0.01299,4.277002459475984,2461000.5,0.483,1.569388,2.1,226.5812,718.1,0.812,138.6886,2.327,2461156.668273828,281.71092,0.5013229355243002,False
155340 2006SK198,16.4,1.4,3.0,2033-06-14,25931.14132526892,0.14425,0.11094,3.5801303944475515,2461000.5,0.466,2.108354,9.2,260.5344,1118.2,1.126,352.554,3.091,2461520.8469367586,192.47426,0.3219459846181363,False
155341 2006SA218,18.3,,,-,,,0.28565,4.502936697967552,2461000.5,0.241,1.477523,18.5,144.3543,656.0,1.121,278.0438,1.834,2461265.370413944,214.6429,0.5487804878048781,
1566 Icarus,16.5,1.44,1.44,2043-06-13,97229.00196384624,0.05863,0.03351,5.299065529917145,2461000.5,0.827,1.078038,22.8,87.9524,408.8,0.186,31.4382,1.97,2460826.654941394,153.07893,0.8806262230919765,False
15745 Yuliya,17.4,,,-,,,0.29421,4.103135069296547,2461000.5,0.255,1.719526,14.4,132.5749,823.6,1.28,140.6326,2.159,2460773.5120244464,99.21878,0.4371053909664886,
1580 Betulia,14.4,,,-,100259.77501619208,,0.13249,3.065746580415079,2461000.5,0.488,2.194974,52.2,62.2248,1187.8,1.125,159.7171,3.265,2460735.6633288376,80.26718,0.3030813268226974,
15817 Lucianotesi,18.4,,,-,25639.24103473057,,0.24754,4.901623515447562,2461000.5,0.118,1.324503,13.9,162.4631,556.8,1.168,94.3181,1.481,2461188.0249989284,238.74954,0.646551724137931,
159399 1998UL1,16.6,1.24,1.24,2058-04-25,76787.20384782372,0.19802,0.19417,4.194509633148924,2461000.5,0.214,1.526968,42.0,214.8452,689.2,1.2,353.2613,1.854,2461118.780767347,298.21638,0.522344747533372,False
159402 1999AP10,16.5,1.2,1.2,2031-12-01,31680.835523478145,0.16877,0.07623,3.2865607544111377,2461000.5,0.572,2.379525,7.6,356.8203,1340.7,1.019,47.6432,3.74,2460499.671318331,134.48005,0.2685164466323562,False
159454 2000DJ8,18.1,,,-,,,0.246,4.4849918511822775,2461000.5,0.253,1.411154,37.7,139.5217,612.3,1.055,262.9637,1.768,2461232.913340858,223.35191,0.5879470847623715,
159459 2000KB,16.3,,,-,,,0.53125,2.6754735709526685,2461000.5,0.799,2.336598,56.2,185.3502,1304.6,0.47,185.3867,4.203,2460899.9715813985,27.74067,0.2759466503142725,
159467 2000QK25,18.4,,,-,,,0.31509,4.000802656898653,2461000.5,0.283,1.809389,6.1,138.7678,889.0,1.298,240.4534,2.321,2460739.135843301,105.84054,0.4049493813273341,
159495 2000UV16,17.5,,,-,,,0.20534,3.3894153260086908,2461000.5,0.482,2.349426,4.1,341.6683,1315.3,1.216,352.7143,3.483,2460946.11935929,14.88353,0.2737018170759522,
159504 2000WO67,16.9,2.39,2.39,2057-08-16,47172.88963550052,0.11727,0.04906,3.199472910158649,2461000.5,0.617,2.433377,9.7,107.5641,1386.5,0.932,237.809,3.935,2461451.5842678053,242.87556,0.2596465921384782,False
159518 2001FF7,18.0,,,-,,,0.33939,3.2423458469162334,2461000.5,0.445,2.104434,47.5,190.0792,1115.1,1.167,59.444,3.041,2460970.891599512,9.55905,0.3228410008071025,
159533 2001HH31,17.6,,,-,,,0.29115,4.197500367993927,2461000.5,0.289,1.654624,12.9,71.6073,777.4,1.177,275.9868,2.133,2460783.025969518,100.7077,0.463082068433239,
159555 2001SJ276,18.7,,,-,,,0.35013,4.141251592612414,2461000.5,0.23,1.630247,29.4,214.9291,760.3,1.255,123.4832,2.005,2461265.432796646,234.55313,0.4734973036959095,
159560 2001TO103,17.1,,,-,,,0.47247,3.408722297636539,2461000.5,0.435,2.214249,25.7,42.1367,1203.5,1.252,261.7797,3.177,2460441.564088352,167.19625,0.2991275446614042,
159608 2002AC2,16.6,,,-,,,0.10072,3.656410330404756,2461000.5,0.352,1.674432,58.9,102.6852,791.4,1.086,208.172,2.263,2460630.309009948,168.39475,0.4548900682335102,
159609 2002AQ3,17.1,,,-,,,0.31312,3.329978197376525,2461000.5,0.462,2.111643,40.0,124.202,1120.8,1.135,243.479,3.088,2461077.909490941,335.13617,0.3211991434689508,
159635 2002CZ46,18.2,,,-,,,0.26158,4.094696849778279,2461000.5,0.324,1.703339,16.2,173.3568,812.0,1.151,246.442,2.256,2461118.0007490134,307.90535,0.4433497536945813,
159677 2002HQ11,19.4,0.3,0.8,2054-11-10,100113.40965576709,0.1034,0.05618,3.7645031436923775,2461000.5,0.595,1.851158,6.1,153.157,919.9,0.75,322.4157,2.953,2460589.0142827653,161.02513,0.3913468855310359,False
159686 2002LB6,16.4,,,-,,,0.28323,3.661461226618357,2461000.5,0.688,1.803722,24.7,244.7252,884.8,0.563,141.0549,3.045,2461377.087703982,206.77993,0.406871609403255,
159699 2002PQ142,17.6,,,-,82258.37617351717,,0.21526,3.830020537982724,2461000.5,0.716,1.696896,16.8,151.2477,807.4,0.482,332.205,2.912,2460671.217377004,146.82157,0.4458756502353233,
159856 2004JW6,18.0,0.7,1.5,2061-08-19,26946.3289894875,0.19558,0.1373,3.5377050537956274,2461000.5,0.466,2.154143,9.8,143.8858,1154.8,1.151,174.5509,3.157,2461345.7174764434,252.38198,0.3117422930377554,False
159857 2004LJ1,15.4,3.07,3.07,2038-11-16,59048.3119985766,0.01983,0.01543,3.275265573153444,2461000.5,0.594,2.262412,23.2,235.5273,1243.0,0.92,140.0155,3.605,2460740.847743884,75.20362,0.2896218825422365,False
159923 2004YJ32,16.4,,,-,22003.85896040394,,0.21969,3.2386986988883506,2461000.5,0.525,2.521313,7.5,118.6946,1462.3,1.198,234.2327,3.845,2460406.595988205,146.21107,0.2461875128222663,
159928 2005CV69,18.0,,,-,56217.40617429504,,0.21841,4.051762921997197,2461000.5,0.419,1.654615,27.7,157.4229,777.4,0.961,95.6864,2.348,2461301.619726549,220.55662,0.463082068433239,
159929 2005UK,17.8,2.39,2.39,2033-05-04,105629.92496326116,0.12718,0.12553,3.3982384626848914,2461000.5,0.408,1.886724,54.4,222.5377,946.6,1.117,19.5911,2.656,2460901.067970147,37.81532,0.3803084724276357,False
16064 Davidharvey,16.8,,,-,20816.10666094633,,0.20349,3.018125206355222,2461000.5,0.589,2.85058,4.5,335.5263,1757.9,1.171,104.8103,4.53,2460385.936581425,125.85515,0.2047898060185448,
161989 Cacus,17.3,1.126,1.126,2028-03-07,63670.652589451325,0.14763,0.0144,5.450231849581972,2461000.5,0.214,1.122679,26.1,161.2035,434.5,0.883,102.1099,1.363,2461060.5859087,310.21561,0.8285385500575374,False
161995 1983LB,17.3,,,-,54361.321027596,,0.24587,3.327784087800365,2461000.5,0.478,2.287728,25.3,81.159,1263.9,1.193,220.7175,3.382,2460708.918361939,83.05344,0.284832660811773,
161998 1988PA,17.5,,,-,,,0.2774,3.586146650789819,2461000.5,0.406,2.146633,8.2,162.0553,1148.8,1.275,137.6353,3.019,2461152.988475697,312.2136,0.3133704735376044,
161999 1989RC,18.8,0.458,0.458,2077-08-06,25026.814562730407,0.13452,0.11557,3.3815484574279804,2461000.5,0.513,2.317626,7.4,140.0845,1288.7,1.13,181.5073,3.506,2460609.921525925,109.1057,0.2793512842399317,False
1620 Geographos,15.2,,,2026-08-12,42346.12110651396,0.17044,0.02936,5.074248615000726,2461000.5,0.336,1.245777,13.3,337.1408,507.9,0.828,277.0184,1.664,2461207.9954828746,212.92044,0.7088009450679268,False
162000 1990OS,19.6,0.32,0.32,2027-07-29,41424.35921137548,0.12898,0.00902,4.107667150181377,2461000.5,0.462,1.678435,1.1,346.4899,794.2,0.902,21.6234,2.454,2460866.013437994,60.95739,0.4532863258625031,False
162004 1991VE,18.3,0.6,1.3,2033-10-29,70725.1524087294,0.065,0.05754,6.455012633879168,2461000.5,0.665,0.890807,7.2,61.8457,307.1,0.299,193.6723,1.483,2461083.4476754805,262.76275,1.172256593943341,False
162011 Konnohmaru,16.6,,,-,48131.13033460224,,0.15444,3.01628722454293,2461000.5,0.597,2.834483,4.6,66.7238,1743.0,1.142,343.0094,4.527,2461509.788192428,254.81424,0.2065404475043029,
162015 1994TF2,19.3,,,-,60341.87264483016,,0.25474,6.004995747234926,2461000.5,0.284,0.993435,23.8,175.2176,361.7,0.711,349.7887,1.276,2460976.1690710094,24.21885,0.9952999723527786,
162038 1996DH,16.7,,,-,,,0.13374,4.292929757561675,2461000.5,0.277,1.586997,17.2,309.2597,730.2,1.148,351.6023,2.026,2460636.839760981,179.28185,0.4930156121610517,
162039 1996JG,18.9,0.4,1.0,2042-05-18,53329.2465502656,0.10685,0.01214,3.7678518658854543,2461000.5,0.66,1.802319,5.3,52.8237,883.8,0.612,280.2456,2.993,2460879.456543699,49.30578,0.4073319755600815,False
162058 1997AE12,17.9,0.85,0.85,2054-08-26,42820.05559475052,0.17924,0.08753,3.317332633826113,2461000.5,0.554,2.367085,4.9,304.7536,1330.2,1.055,60.9121,3.679,2460894.4033326013,28.71343,0.2706359945872801,False
162063 1997EH29,19.0,0.4,1.0,2049-01-31,71655.89792511564,0.17238,0.15097,4.988402958015869,2461000.5,0.666,1.214112,13.0,175.1,488.6,0.405,198.6698,2.023,2461114.2545256345,276.19214,0.7367990176013098,False
162080 1998DG16,19.9,0.94,0.94,2032-04-08,49239.41353433424,0.19278,0.18738,6.5480350617758205,2461000.5,0.358,0.896678,16.2,344.3205,310.1,0.576,356.8674,1.218,2460941.8366330964,68.09513,1.1609158336020635,False
162082 1998HL1,19.0,0.4,0.9,2051-10-25,43540.79095560636,0.04666,0.04131,5.078447445651589,2461000.5,0.187,1.246313,20.1,213.5247,508.2,1.013,148.668,1.479,2460786.551411532,151.55596,0.7083825265643447,False
162116 1998SA15,19.5,0.54,0.54,2052-02-01,86370.08649090875,0.05167,0.04731,3.714936872016183,2461000.5,0.559,1.915708,7.1,114.1733,968.5,0.846,331.4515,2.986,2460848.9284478286,56.34143,0.371708828084667,False
162117 1998SD15,19.1,0.3,0.3,2034-09-19,68181.15671325504,0.16275,0.1103,6.289354772386703,2461000.5,0.345,0.932611,26.8,183.9108,329.0,0.611,35.8783,1.254,2460849.945561361,164.75818,1.094224924012158,False
162120 1998SH36,20.6,0.2,0.5,2035-06-04,68703.02331585767,0.06432,0.01201,5.534224746958623,2461000.5,0.571,1.087779,2.1,217.811,414.4,0.467,278.8565,1.709,2461107.5403098697,267.0091,0.8687258687258688,False
162142 1998VR,18.8,0.4,0.4,2048-11-26,46588.86789368184,0.19259,0.15101,6.667461872549893,2461000.5,0.318,0.875296,21.8,46.3499,299.1,0.597,170.744,1.154,2461136.3739590934,196.46618,1.2036108324974923,False
162149 1998YQ11,17.4,,,-,,,0.22905,3.854427254972889,2461000.5,0.397,1.87433,11.9,256.5399,937.3,1.131,245.8064,2.618,2460567.466229752,166.32475,0.3840819374799957,
162157 1999CV8,19.9,0.28,0.6,2030-01-22,29622.136940735327,0.05749,0.05646,4.9140365820353615,2461000.5,0.352,1.296904,15.3,131.9629,539.5,0.841,279.3537,1.753,2460850.521825366,100.08527,0.6672845227062094,False
162161 1999DK3,17.5,,,-,82235.86464676139,,0.44671,3.2945179203735746,2461000.5,0.443,2.11566,43.1,149.6955,1124.0,1.179,103.0166,3.052,2461466.655077601,210.69784,0.3202846975088968,
162162 1999DB7,19.9,0.28,0.6,2044-03-24,67673.10526522812,0.13687,0.00129,5.243296260251613,2461000.5,0.195,1.205807,10.8,157.5803,483.6,0.971,29.9221,1.441,2460935.892576806,48.09158,0.7444168734491314,False
162168 1999GT6,17.3,0.9,2.1,2055-06-28,16686.30588954322,0.10888,0.1238,3.036528549907789,2461000.5,0.599,2.786682,4.0,203.1155,1699.1,1.118,82.0339,4.456,2461721.994973936,207.13566,0.2118768759931728,False
162173 Ryugu,19.5,0.96,0.96,2033-12-21,18468.81507035916,0.04745,0.00083,5.303898159113552,2461000.5,0.191,1.190921,5.9,251.2915,474.7,0.963,211.6168,1.418,2461118.306514159,270.65938,0.7583737097113967,False
162181 1999LF6,18.2,0.856,0.856,2081-10-12,37194.23611453824,0.13728,0.06391,4.6369293528068525,2461000.5,0.281,1.4096,18.9,208.4935,611.3,1.014,140.8751,1.805,2461208.952202984,237.23719,0.5889088827089809,False
162183 1999NB5,21.2,,,-,76200.715521729,,0.01304,3.57665859774526,2461000.5,0.535,2.07284,1.4,235.3102,1090.1,0.964,123.18,3.182,2461257.320944633,275.18243,0.3302449316576461,
162186 1999OP3,15.0,,,-,,,0.37314,2.933817993381864,2461000.5,0.611,2.708073,27.6,310.6563,1627.8,1.052,271.9175,4.364,2460997.53569456,0.6556,0.2211573903427939,
162195 1999RK45,19.4,0.39,0.39,2036-05-18,138243.18513680386,0.13611,0.08792,3.956117167815657,2461000.5,0.773,1.597906,5.9,119.9936,737.8,0.363,4.1714,2.833,2461094.926918969,313.92422,0.4879371103280022,False
162196 1999RL45,18.7,,,-,,,0.2406,3.8649911755632766,2461000.5,0.375,1.826266,22.4,171.9081,901.5,1.142,234.3165,2.511,2461433.0878571924,187.24431,0.3993344425956738,
162210 1999SM5,19.2,0.54,0.54,2041-04-30,58264.11222371244,0.13723,0.05316,3.208124694347048,2461000.5,0.697,2.304946,5.3,326.516,1278.2,0.697,320.5359,3.913,2461588.8928458574,194.27794,0.2816460647785949,False
162214 1999TC10,18.7,0.5,1.1,2084-11-08,58626.88176188916,0.15458,0.11878,3.262326236728896,2461000.5,0.586,2.323573,19.2,27.6705,1293.7,0.962,58.8016,3.685,2460579.4508598074,117.16622,0.2782716240241168,False
162215 1999TL12,19.2,,,-,,,0.25653,5.594388292078506,2461000.5,0.437,1.081605,17.3,202.3089,410.9,0.609,346.79,1.554,2461101.3121112986,271.66896,0.8761255779995133,
162269 1999VO6,17.0,1.01,1.01,2033-10-10,104462.8914040956,0.14738,0.07699,5.065596292649546,2461000.5,0.738,1.135403,40.1,206.8186,441.9,0.298,302.5344,1.973,2460829.807240648,139.05734,0.814663951120163,False
162273 1999VL12,17.3,,,-,,,0.24544,4.274936306670244,2461000.5,0.236,1.593581,20.2,234.3877,734.8,1.217,40.9344,1.97,2460797.166101709,99.62136,0.4899292324442025,
162361 2000AF6,20.2,0.24,0.5,2031-12-21,33634.79239296395,0.13609,0.0227,6.689035192921483,2461000.5,0.411,0.875816,2.7,109.8636,299.4,0.516,201.2754,1.236,2461042.2347568264,309.81407,1.2024048096192386,False
162385 2000BM19,18.6,0.5,1.1,2030-01-10,39885.01664406552,0.09707,0.08342,7.72608070059194,2461000.5,0.359,0.740572,6.9,70.2041,232.8,0.475,247.734,1.006,2461035.537399324,305.81428,1.5463917525773194,False
162416 2000EH26,21.5,0.141,0.141,2048-03-30,63189.99127206792,0.11817,0.00108,3.8552549771827342,2461000.5,0.478,1.85414,0.4,215.2568,922.2,0.968,19.2525,2.741,2460898.097474371,39.97613,0.3903708523096942,False
162421 2000ET70,18.2,,,2035-02-19,48886.64496315037,0.13306,0.02946,6.280448710704086,2461000.5,0.124,0.946642,22.3,331.1124,336.4,0.829,46.0651,1.064,2460907.47120604,99.55037,1.0701545778834722,False
162422 2000EV70,20.6,0.4,0.4,2047-08-16,33387.31963729616,0.11363,0.01189,5.127063741565269,2461000.5,0.531,1.207122,1.4,108.9155,484.4,0.566,314.5191,1.848,2460760.799450252,178.13376,0.7431874483897606,False
162433 2000FK10,19.3,0.45,0.45,2027-04-07,71465.64864186096,0.18695,0.06718,4.698601742556111,2461000.5,0.482,1.35898,13.9,41.6388,578.7,0.704,247.0403,2.014,2460975.525570654,15.53746,0.6220839813374806,False
162452 2000HO14,18.5,,,-,,,0.25061,3.473988058082572,2461000.5,0.446,2.263815,5.5,217.3637,1244.1,1.254,53.9523,3.274,2460445.1478991867,160.69824,0.2893658066071859,
162463 2000JH5,17.8,1.048,1.048,2048-12-03,50379.60247170012,0.13732,0.11059,5.386546234351963,2461000.5,0.238,1.145573,22.2,80.1712,447.9,0.873,353.5899,1.418,2460909.171183598,73.41381,0.8037508372404555,False
162470 2000KX43,19.3,,,-,108251.1913275558,,0.26841,5.305912142503115,2461000.5,0.553,1.112664,35.3,83.7352,428.7,0.497,31.7912,1.728,2461049.382474331,318.95023,0.8397480755773268,
162472 2000LL,19.3,0.4,0.8,2048-05-30,57067.55951707476,0.16976,0.16698,4.963578538251071,2461000.5,0.118,1.258723,31.9,245.6363,515.8,1.11,66.9018,1.408,2461049.095826328,326.08373,0.6979449398991858,False
162474 2000LB16,18.6,0.5,1.1,2029-06-16,98359.6672759698,0.17594,0.00435,4.77201914372471,2461000.5,0.357,1.24075,50.7,80.846,504.8,0.797,285.2494,1.684,2460876.1919993795,88.64962,0.7131537242472266,False
162483 2000PJ5,17.6,0.93,0.93,2027-07-27,92883.79256203656,0.18243,0.17444,6.438744796099456,2461000.5,0.374,0.872748,51.2,124.4089,297.8,0.547,7.6508,1.199,2460879.9481114545,145.72856,1.2088650100738751,False
162510 2000QW69,17.5,1.4,1.4,2037-03-12,82091.85890773716,0.16843,0.02367,4.5530518662588335,2461000.5,0.302,1.376177,38.1,344.3223,589.7,0.96,220.7184,1.792,2461040.4057343523,335.63714,0.6104799050364592,False
162566 2000RJ34,15.7,,,-,33563.4818698017,,0.16448,3.107398334558125,2461000.5,0.576,2.625457,14.3,329.835,1553.8,1.113,145.5581,4.138,2461380.947052204,271.85634,0.2316900501995109,
162567 2000RW37,20.0,0.33,0.33,2047-02-23,35402.12849399382,0.03006,0.00693,5.093148853481408,2461000.5,0.25,1.247348,13.7,333.2813,508.8,0.935,133.316,1.559,2461092.11963959,295.17968,0.7075471698113207,False
162581 2000SA10,18.6,,,-,,,0.21183,4.140212664945808,2461000.5,0.352,1.667343,15.9,200.3081,786.4,1.081,248.2159,2.254,2461343.90181428,202.79398,0.4577822990844354,
162635 2000SS164,16.6,,,-,,,0.28231,3.217395027339701,2461000.5,0.516,2.570016,7.9,153.3935,1504.9,1.245,312.2435,3.895,2461005.8919213777,358.71014,0.239218552727756,
162679 2000TK1,18.0,,,-,,,0.41097,5.026073936412463,2461000.5,0.572,1.199476,29.2,13.0047,479.8,0.514,167.3974,1.885,2461120.505746171,269.96351,0.7503126302626094,
162687 2000UH1,18.7,0.5,1.1,2096-01-03,43781.199098851794,0.17398,0.03437,3.749126910917138,2461000.5,0.544,1.875198,14.8,76.122,937.9,0.855,40.9896,2.895,2461296.985364216,246.20148,0.3838362298752532,False
162694 2000UH11,19.7,,,-,,,0.22413,6.607231588695663,2461000.5,0.422,0.870264,32.2,29.7726,296.5,0.503,187.4243,1.238,2460894.105142282,129.16607,1.2141652613827991,
162695 2000UL11,19.9,0.28,0.6,2035-01-15,98189.57447047152,0.19841,0.02318,3.4361962500683085,2461000.5,0.636,2.123111,2.2,333.1805,1129.9,0.774,152.1267,3.473,2460956.584412008,13.99158,0.318612266572263,False
162698 2000UN30,18.4,,,-,62666.05113841932,,0.33655,3.4977756190739533,2461000.5,0.487,2.119875,20.7,66.2082,1127.4,1.087,271.8765,3.153,2460792.218967929,66.51023,0.3193187865886109,
1627 Ivar,13.2,9.01,9.01,2046-08-06,23579.533204371288,0.17748,0.10923,3.879519279788075,2461000.5,0.397,1.863058,8.5,133.0746,928.8,1.123,167.8396,2.603,2461125.735174285,311.46101,0.3875968992248062,False
162723 2000VM2,17.7,0.8,1.7,2045-11-29,59914.21798421712,0.1187,0.10944,3.7816883851881538,2461000.5,0.682,1.774344,6.4,329.7841,863.3,0.565,187.3813,2.984,2460593.980561757,169.52304,0.4170045175489401,False
162740 2000WF6,18.4,,,-,76766.08515969852,,0.25889,3.0373157453385327,2461000.5,0.503,2.458702,39.2,264.3214,1408.2,1.221,159.1459,3.696,2460340.586639446,168.70661,0.2556455048998721,
162741 2000WG6,17.5,,,-,25562.87452240945,,0.19005,3.376736030027212,2461000.5,0.499,2.318833,11.8,60.7236,1289.7,1.161,330.1421,3.477,2460887.870835429,31.43771,0.2791346824842987,
162781 2000XL44,18.0,,,-,19571.33680769369,,0.29428,3.503032365390116,2461000.5,0.426,2.2263,10.0,331.9709,1213.3,1.278,163.8718,3.175,2460429.7848948464,169.33543,0.2967114481167065,
162783 2000YJ11,20.8,0.18,0.4,2113-10-09,31819.76414745628,0.18815,0.03002,4.930817404456789,2461000.5,0.232,1.313716,7.3,64.9145,550.0,1.009,339.1477,1.619,2461200.813712193,228.88199,0.6545454545454545,False
162825 2001BO61,18.1,0.7,1.5,2048-08-31,62365.238659546914,0.14674,0.01636,3.7051953765984456,2461000.5,0.744,1.773105,9.1,159.5076,862.4,0.453,79.1715,3.093,2460651.276859714,145.78244,0.4174397031539889,False
162854 2001DE47,19.1,,,-,39247.85189618064,,0.21235,4.862857504347215,2461000.5,0.149,1.322876,21.3,122.4045,555.7,1.125,297.7729,1.52,2460755.910262644,158.43955,0.6478315637934137,
162873 2001FB7,19.1,,,-,35075.80008607896,,0.28657,4.685759590609404,2461000.5,0.086,1.400573,20.2,357.871,605.4,1.28,198.7447,1.522,2461090.277307278,306.61588,0.5946481665014867,
162882 2001FD58,18.8,0.5,1.1,2026-02-14,82227.83751361081,0.04344,0.03254,5.509020219014762,2461000.5,0.575,1.092321,6.5,341.1425,417.0,0.464,46.0245,1.721,2461030.847665369,333.79986,0.8633093525179856,False
162900 2001HG31,16.0,,,-,16236.3528386064,,0.23787,3.2010239962672404,2461000.5,0.536,2.57625,6.2,36.4953,1510.4,1.196,67.4307,3.956,2460909.904313295,21.59383,0.2383474576271186,
162903 2001JV2,18.8,1.086,1.086,2068-04-29,80364.81406100473,0.15505,0.08573,4.646475753657805,2461000.5,0.237,1.304506,47.5,216.8908,544.2,0.995,301.2209,1.614,2461210.3297693976,221.19608,0.6615214994487321,False
162911 2001LL5,19.3,0.34,0.34,2038-04-27,35838.50046362107,0.19801,0.10049,5.21837749083544,2461000.5,0.339,1.204034,8.0,281.8228,482.6,0.795,205.176,1.613,2461138.08497896,257.35987,0.7459593866556153,False
162913 2001MT18,18.5,0.5,1.2,2031-06-18,46239.14707556544,0.15494,0.14617,4.930244804862172,2461000.5,0.519,1.270838,8.6,170.4799,523.3,0.611,356.1608,1.931,2460886.8640076923,78.17805,0.6879419071278426,False
162922 2001OY13,20.9,0.18,0.4,2045-02-06,77974.74933820704,0.13025,0.01428,4.862236751994107,2461000.5,0.382,1.318514,10.3,284.1718,553.0,0.815,291.3227,1.822,2460886.0117350314,74.53115,0.650994575045208,False
162926 2001OB36,17.1,,,-,78845.11129153476,,0.41913,2.6373960602502264,2461000.5,0.617,2.9446,42.7,112.9282,1845.6,1.126,289.1712,4.763,2461476.528036664,267.14675,0.1950585175552666,
162979 2001RA12,18.3,0.6,1.3,2033-08-08,73628.22636670644,0.02956,0.02136,3.5577170543211025,2461000.5,0.544,2.037538,17.1,311.5501,1062.3,0.93,326.1202,3.145,2460600.6526738354,135.50014,0.3388873199661112,False
162980 2001RR17,16.8,0.79,0.79,2045-03-17,79092.68328558972,0.19862,0.19889,4.1722089185046665,2461000.5,0.489,1.553382,30.4,177.5986,707.2,0.794,351.4895,2.312,2460979.865762901,10.50451,0.5090497737556561,False
162998 2001SK162,18.1,1.38,1.38,2108-12-08,35972.45172630734,0.18669,0.02838,3.7732074578692414,2461000.5,0.474,1.925683,1.7,285.2875,976.1,1.012,186.468,2.839,2461084.52850979,329.00771,0.3688146706280094,False
163000 2001SW169,19.3,0.45,0.45,2047-06-23,6626.901040480944,0.18537,0.1789,5.145015799959994,2461000.5,0.051,1.248363,3.6,8.3995,509.5,1.184,284.8057,1.313,2460762.260204175,168.34766,0.7065750736015701,False
163001 2001SE170,18.4,,,-,36202.71601697832,,0.26452,3.520845033073472,2461000.5,0.453,2.123624,20.0,216.5201,1130.4,1.161,124.9285,3.086,2461169.7237308207,306.10494,0.3184713375796178,
163014 2001UA5,17.7,0.8,1.7,2032-12-17,32529.44732574024,0.10017,0.03153,3.9452444467108654,2461000.5,0.446,1.787185,9.9,58.617,872.7,0.991,27.702,2.584,2460969.334937508,12.85635,0.4125128910278446,False
163015 2001UX16,22.0,0.1,0.23,2028-11-14,79003.07187944652,0.07141,0.06325,4.626891446055657,2461000.5,0.368,1.416774,10.6,213.3643,616.0,0.895,254.5813,1.939,2460904.1209658333,56.32951,0.5844155844155844,False
163023 2001XU1,19.4,0.3,0.8,2033-11-28,70998.52287509317,0.1296,0.05628,7.110413942628588,2461000.5,0.546,0.797359,27.1,69.6829,260.1,0.362,208.5365,1.233,2461008.027928496,349.57929,1.3840830449826989,False
163026 2001XR30,21.2,0.15,0.3,2030-05-29,26383.649693364507,0.06076,0.02276,4.921656835635227,2461000.5,0.365,1.297101,11.9,247.8405,539.6,0.823,294.4973,1.771,2460981.066738908,12.96549,0.6671608598962194,False
163051 2001YJ4,16.4,1.54,1.54,2067-05-04,44949.86319746196,0.08075,0.03155,3.3620478462719765,2461000.5,0.567,2.275474,9.3,247.7689,1253.7,0.986,322.389,3.565,2461127.375837763,323.56866,0.2871500358937545,False
163067 2002AP3,19.9,0.28,0.6,2037-06-22,86659.75268233668,0.11452,0.01184,3.551139882595925,2461000.5,0.586,2.045601,7.6,87.2977,1068.6,0.847,117.8265,3.244,2460912.8928988203,29.5129,0.3368893879842785,False
163070 2002AO7,18.4,,,-,,,0.18851,2.906049775621669,2461000.5,0.636,2.909108,14.5,278.0347,1812.3,1.06,240.5816,4.759,2461479.974348829,264.75775,0.198642608839596,
163081 2002AG29,18.6,0.38,0.38,2036-03-26,31435.45870476773,0.12457,0.0779,5.665551997700709,2461000.5,0.203,1.08675,11.5,212.8287,413.8,0.866,43.9634,1.308,2461107.3693059245,267.02577,0.8699855002416627,False
163132 2002CU11,18.6,0.46,0.46,2045-08-25,105034.48370156484,0.14998,0.00113,4.875980994154755,2461000.5,0.295,1.219711,48.8,157.7397,492.0,0.86,110.5237,1.58,2460779.295155238,161.85027,0.7317073170731707,False
163191 2002EQ9,19.4,0.43,0.43,2094-04-05,39865.38768268813,0.11873,0.06122,3.8456772193315576,2461000.5,0.465,1.834564,16.3,179.0924,907.6,0.981,44.3746,2.688,2460573.020950036,169.55857,0.3966505068312032,False
163243 2002FB3,16.5,1.62,1.62,2058-04-07,53579.8669960134,0.19289,0.00394,7.406190706419562,2461000.5,0.602,0.761575,20.3,203.5622,242.8,0.303,148.3334,1.22,2461012.227691072,342.60807,1.4827018121911038,False
163249 2002GT,18.6,0.5,1.1,2027-08-16,26631.561021008507,0.14956,0.01588,4.82177730135919,2461000.5,0.335,1.344305,7.0,201.7189,569.3,0.894,135.1294,1.794,2461075.021053117,312.87664,0.6323555243281223,False
163250 2002GH1,15.6,,,-,,,0.2603,2.926601687807792,2461000.5,0.535,2.691252,35.2,169.8732,1612.6,1.251,352.4093,4.131,2460430.3202662347,127.28709,0.2232419694902641,
163252 2002GD11,17.9,,,-,,,0.18079,3.576007768119929,2461000.5,0.441,2.131631,9.0,95.605,1136.8,1.191,201.1566,3.072,2460439.7665452096,177.57931,0.3166783954961295,
163295 2002HW,19.5,0.3,0.8,2036-12-09,51633.53884225188,0.10506,0.05246,3.159697140927616,2461000.5,0.645,2.461832,5.8,32.3203,1410.9,0.874,77.6749,4.05,2460833.377970976,42.64324,0.2551562832234743,False
163335 2002LJ,17.2,,,-,,,0.50117,4.336420003241143,2461000.5,0.667,1.327969,56.3,247.0389,559.0,0.443,155.6601,2.213,2460897.29775789,66.46781,0.6440071556350626,
163348 2002NN4,20.0,0.59,0.59,2029-06-07,54166.43242995408,0.05886,0.00652,6.677533427203436,2461000.5,0.435,0.875794,5.4,259.4084,299.4,0.495,222.2058,1.256,2461026.424838321,328.82424,1.2024048096192386,False
163364 2002OD20,18.9,0.4,1.0,2029-03-18,33212.71770492096,0.14959,0.02592,4.761397335167404,2461000.5,0.369,1.365211,4.2,259.8455,582.6,0.862,275.3289,1.869,2461046.966913342,331.28901,0.6179196704428425,False
163373 2002PZ39,19.0,0.4,0.9,2036-03-04,79611.80007636288,0.1962,0.00265,4.432233614096239,2461000.5,0.546,1.469074,1.7,328.7204,650.4,0.667,260.2009,2.272,2460896.71895687,57.44559,0.5535055350553506,False
163412 2002RV25,17.4,0.9,2.0,2081-10-18,65860.85531958372,0.17959,0.14698,3.6186981037334505,2461000.5,0.451,1.907609,34.5,18.1124,962.3,1.047,46.1954,2.768,2461257.395226005,263.8994,0.3741037098617895,False
163454 2002RN129,19.1,,,-,71538.0603069492,,0.23706,5.285546049653763,2461000.5,0.37,1.162155,23.1,332.097,457.6,0.732,198.6526,1.592,2460985.163042734,12.06554,0.7867132867132867,
163667 2002WC1,19.8,0.3,0.7,2090-01-02,43173.9137823768,0.19496,0.14729,3.167168453389261,2461000.5,0.572,2.582266,4.6,41.476,1515.7,1.106,82.6841,4.059,2461723.751011901,188.21246,0.2375140199247872,False
163679 2002XG84,19.3,0.4,0.8,2035-08-02,35420.91766889382,0.08931,0.07191,4.422835821476437,2461000.5,0.471,1.494988,5.1,29.75,667.7,0.79,349.7218,2.2,2461252.398900914,224.17691,0.5391642953422195,False
163683 2002YP2,19.0,0.4,1.0,2036-05-14,77250.26909768724,0.09033,0.02092,4.047884102824749,2461000.5,0.688,1.576975,20.6,52.4388,723.3,0.492,281.4112,2.662,2461260.4558026693,230.62025,0.4977187888842804,False
163691 2003BB43,17.1,,,-,,,0.35397,3.032727761887597,2461000.5,0.522,2.41759,40.8,148.7917,1373.0,1.156,60.8238,3.679,2460954.8601868884,11.96669,0.2621995630007283,
163692 2003CY18,18.3,0.6,0.6,2037-09-14,40011.32850897132,0.13533,0.09291,4.389799914236933,2461000.5,0.411,1.52598,7.2,114.3256,688.5,0.899,180.9893,2.153,2461143.5534311384,285.20386,0.5228758169934641,False
163693 Atira,16.4,,,-,,,0.20759,7.667453258045779,2461000.5,0.322,0.740983,25.6,103.8698,233.0,0.502,252.9315,0.98,2460976.385417339,37.26244,1.5450643776824031,
163694 2003DP13,17.4,,,-,,,0.26195,3.14963472488806,2461000.5,0.543,2.640619,9.8,326.6812,1567.3,1.206,283.0586,4.076,2460639.166711037,82.9953,0.2296943788681171,
163696 2003EB50,16.5,1.68,1.68,2027-06-04,88541.2195562376,0.17619,0.0535,4.130039905324809,2461000.5,0.519,1.57101,29.5,65.6055,719.2,0.756,278.956,2.386,2460901.8968769363,49.35443,0.5005561735261401,False
163697 2003EF54,20.1,0.26,0.6,2052-04-02,60156.23033795797,0.16703,0.04225,4.212884323697775,2461000.5,0.473,1.608941,3.0,268.4503,745.4,0.848,353.8333,2.37,2460980.916788391,9.45753,0.4829621679635095,False
163732 2003KP2,15.5,,,-,109095.0363781074,,0.15736,2.6344065045604665,2461000.5,0.696,2.752304,44.6,193.4017,1667.8,0.836,190.6683,4.669,2461258.857134685,304.23264,0.2158532198105288,
163758 2003OS13,17.4,0.66,0.66,2034-07-07,125012.206815075,0.19793,0.09108,4.517206385078639,2461000.5,0.741,1.296064,41.5,272.1417,538.9,0.335,244.274,2.257,2460875.4817445297,83.5099,0.6680274633512712,False
163760 2003OR14,16.7,,,-,,,0.27852,3.240595096029597,2461000.5,0.504,2.511965,13.1,211.4757,1454.2,1.245,212.022,3.779,2460329.368010016,166.14667,0.2475587952138633,
163818 2003RX7,18.4,0.49,0.49,2053-04-28,49668.68644447752,0.17297,0.02655,5.126775777819161,2461000.5,0.355,1.22941,10.4,241.0041,497.9,0.793,245.9115,1.665,2461003.4217992565,357.88743,0.7230367543683471,False
163899 2003SD220,17.5,0.76,0.76,2027-11-12,32096.558900401706,0.13819,0.01788,7.057366968088567,2461000.5,0.209,0.827893,8.5,273.6272,275.1,0.655,327.0192,1.001,2461052.549148754,291.89856,1.308615049073064,False
163902 2003SW222,17.2,,,-,,,0.27025,4.1851760595244745,2461000.5,0.248,1.660721,16.1,283.7014,781.7,1.249,165.051,2.073,2460771.708393796,105.36569,0.4605347319943712,
164120 2003YK,19.0,0.35,0.35,2045-01-28,40543.28677668564,0.14534,0.08448,4.407864105086932,2461000.5,0.408,1.512045,11.0,345.6018,679.1,0.895,189.661,2.129,2461249.506591589,228.00184,0.5301133853629804,False
164121 2003YT1,16.2,1.1,1.1,2030-11-05,83552.69981025971,0.14841,0.00145,5.323023468390869,2461000.5,0.292,1.109918,44.1,38.3102,427.1,0.786,91.006,1.434,2461175.748037056,212.28631,0.8428939358464059,False
164184 2004BF68,19.5,0.6,0.6,2033-04-14,52200.79494656616,0.11336,0.05475,4.192054938302831,2461000.5,0.453,1.627137,4.6,202.1885,758.1,0.89,2.6433,2.365,2460670.3760446254,156.76354,0.4748713889988128,False
164201 2004EC,15.7,,,-,,,0.41256,3.1264762402337216,2461000.5,0.86,1.996863,34.6,28.8225,1030.7,0.279,10.3401,3.714,2461279.173589287,262.66309,0.3492771902590472,
164202 2004EW,20.9,0.157,0.157,2060-02-18,80821.63765362276,0.09916,0.02339,6.101876263631925,2461000.5,0.279,0.987869,4.7,342.8943,358.6,0.712,56.2206,1.263,2460879.720674036,121.24053,1.003904071388734,False
164206 2004FN18,17.7,1.4,1.4,2076-11-11,42102.907352647926,0.14914,0.11212,4.049811113789042,2461000.5,0.41,1.700825,18.3,214.4061,810.2,1.004,232.893,2.398,2461025.016200299,349.10649,0.4443347321648975,False
164207 Cardea,21.1,0.163,0.163,2026-10-12,27220.37335623601,0.19834,0.00309,6.042504331102193,2461000.5,0.136,1.001122,13.7,38.3866,365.9,0.865,279.341,1.137,2460901.582698885,97.32983,0.983875375785734,False
164211 2004JA27,19.5,0.3,0.3,2032-07-11,42737.73017256072,0.09724,0.03258,4.14772790030157,2461000.5,0.423,1.66631,2.3,67.76,785.7,0.961,270.1979,2.372,2461104.736689083,312.23705,0.4581901489117984,False
164214 2004LZ11,19.2,,,-,943.332192848484,,0.29058,3.62345588350648,2461000.5,0.393,2.119627,5.5,72.086,1127.2,1.287,248.8212,2.952,2461129.9604988885,318.6522,0.319375443577005,
164215 Doloreshill,20.0,,,-,3510.549627140873,,0.27707,3.627021530290492,2461000.5,0.396,2.115007,4.9,235.9773,1123.5,1.277,76.5701,2.953,2461080.6536768805,334.31621,0.3204272363150868,
164216 2004OT11,17.3,0.9,2.1,2026-07-26,69658.872829686,0.08217,0.02104,3.414903187297507,2461000.5,0.566,2.150904,20.1,294.7982,1152.2,0.934,326.8333,3.368,2461219.180811701,291.67444,0.3124457559451484,False
164217 2004PT42,17.2,,,-,93865.61074350312,,0.16191,3.3292764221598588,2461000.5,0.416,2.012556,48.9,144.9542,1042.8,1.175,179.1268,2.85,2460534.7285449333,160.78847,0.3452243958573072,
164221 2004QE20,20.3,,,-,19734.479793041293,,0.21915,4.5034178099859865,2461000.5,0.205,1.505168,6.5,272.5631,674.5,1.196,74.3184,1.814,2460671.118654381,175.80276,0.5337286879169756,
164222 2004RN9,20.8,0.18,0.4,2074-10-04,28591.97197334803,0.13867,0.09391,4.922320786975283,2461000.5,0.247,1.304207,16.1,0.937,544.0,0.982,67.2294,1.626,2460955.589767587,29.7187,0.6617647058823529,False
164294 2004XZ130,20.3,0.23,0.5,2026-11-04,70949.49839358516,0.19626,0.09497,9.039547358782595,2461000.5,0.454,0.617575,3.0,211.1396,177.3,0.337,5.4517,0.898,2461066.143180562,226.69103,2.030456852791878,False
164341 2005CO,20.5,,,-,17351.77748213394,,0.25506,4.252710322145631,2461000.5,0.254,1.626823,13.0,140.628,757.9,1.213,42.9362,2.04,2461041.628603671,340.46409,0.4749967014117958,
164342 2005CP,20.9,0.17,0.4,2066-02-25,66277.67682825468,0.19454,0.17633,4.282361087398378,2461000.5,0.361,1.569864,19.2,138.886,718.4,1.003,73.0374,2.137,2460663.9936849675,168.61797,0.5011135857461024,False
164400 2005GN59,17.4,0.9,2.0,2025-12-27,32317.212206600965,0.10629,0.0498,4.131787370442432,2461000.5,0.468,1.656721,6.6,218.9516,778.9,0.882,203.0754,2.432,2461012.205465245,354.58973,0.462190268327128,False
16636 1993QP,18.7,,,-,13362.354919829051,,0.24007,3.420343166110137,2461000.5,0.468,2.311044,7.2,296.7669,1283.2,1.23,47.4208,3.392,2460762.104111104,66.8791,0.2805486284289277,
16657 1993UB,16.7,,,-,,,0.25334,3.3505391512572382,2461000.5,0.461,2.276714,24.9,31.1896,1254.8,1.228,21.2985,3.326,2460613.2443408114,111.10643,0.2868983104877271,
168044 2005SG,19.1,,,-,88356.42397592352,,0.20186,5.987231721183486,2461000.5,0.283,0.981288,34.8,23.5106,355.1,0.703,205.5304,1.259,2460990.5887278817,10.04935,1.0137989298789072,
16816 1997UF9,16.3,,,-,,,0.37989,4.362460118264652,2461000.5,0.604,1.442536,25.9,37.1416,632.8,0.572,157.9964,2.313,2461065.431595011,323.06229,0.5689001264222504,
168318 1989DA,19.1,0.7,0.7,2043-03-15,27527.50674008226,0.18796,0.04443,3.483232172930607,2461000.5,0.542,2.1622,6.5,349.0488,1161.3,0.99,139.8484,3.334,2461494.1907009208,206.95638,0.3099974166881942,False
16834 1997WU22,15.8,1.5,1.5,2121-06-03,48039.5479294278,0.19115,0.14712,4.461098318682451,2461000.5,0.442,1.467904,16.0,260.7474,649.6,0.819,334.4025,2.117,2460803.559023923,109.1425,0.5541871921182265,False
168378 1997ET30,16.9,,,-,,,0.20401,3.571708803281317,2461000.5,0.45,2.136959,6.8,23.2097,1141.0,1.176,263.3611,3.098,2461024.0784655707,352.56084,0.3155127081507449,
1685 Toro,14.3,3.75,3.75,2032-01-20,58086.29572591644,0.12881,0.05106,4.714925020143661,2461000.5,0.436,1.367839,9.4,274.2077,584.3,0.771,127.2753,1.964,2460866.298528734,82.68163,0.6161218552113641,False
168791 2000SQ43,18.8,0.5,1.0,2066-08-02,51216.2998775766,0.16213,0.13413,3.407501791898053,2461000.5,0.505,2.297282,5.2,170.8206,1271.8,1.138,144.9082,3.457,2460627.840307805,105.48604,0.2830633747444567,False
16912 Rhiannon,17.9,,,-,44457.95621147112,,0.3209,3.987247066961052,2461000.5,0.273,1.751239,24.5,169.1609,846.5,1.274,221.2569,2.229,2460777.647758094,94.77704,0.425280567040756,
169352 2001UY16,19.3,,,-,65753.97472406233,,0.12077,3.412035131739769,2461000.5,0.52,2.082847,32.3,32.1842,1098.0,1.0,48.4423,3.165,2461041.810185424,346.45513,0.3278688524590163,
16960 1998QS52,14.4,4.1,4.1,2038-06-10,103296.9180394044,0.08124,0.01836,2.9999997054956458,2461000.5,0.859,2.200438,17.5,260.1485,1192.2,0.31,243.2546,4.091,2460770.482104165,69.45476,0.3019627579265224,False
169675 2002JM97,16.6,,,-,39554.10740512584,,0.28159,3.0931890950260987,2461000.5,0.547,2.722731,12.6,63.467,1641.0,1.232,236.4931,4.213,2460695.913119274,66.82027,0.2193784277879341,
170013 2002UO3,17.8,,,-,103442.56143637645,,0.30976,2.582048238659373,2461000.5,0.8,2.946035,25.4,184.1177,1847.0,0.589,330.2029,5.303,2460138.947609711,167.93022,0.1949106659447753,
170086 2002XR14,18.2,0.6,1.4,2032-01-17,60864.922126829166,0.08578,0.0116,3.675299300232695,2461000.5,0.626,1.904547,2.1,75.476,960.0,0.712,120.4771,3.097,2461375.7249806887,219.29543,0.375,False
170502 2003WM7,17.3,1.08,1.08,2073-12-08,151930.5586007256,0.11683,0.07305,2.7457747384583926,2461000.5,0.882,2.469389,10.5,48.2296,1417.4,0.292,144.1869,4.647,2461633.271390768,199.28121,0.2539861718639762,False
170891 2004TY16,17.0,,,-,18335.90841410412,,0.18997,3.7420982843600665,2461000.5,0.405,1.982495,8.2,329.8163,1019.6,1.179,177.4602,2.786,2460641.339175384,126.81628,0.3530796390741467,
170903 2004WS2,18.2,0.6,1.4,2034-08-05,60261.02396272152,0.15743,0.03005,4.694755612798068,2461000.5,0.603,1.336148,8.3,87.6637,564.1,0.53,115.457,2.142,2460744.7670500022,163.19579,0.63818471902145,False
171486 1996MO,18.4,0.5,1.2,2056-01-11,36691.53134094216,0.16968,0.06767,3.903243206020898,2461000.5,0.512,1.794387,6.1,165.0753,878.0,0.875,4.75,2.713,2460637.812524024,148.71757,0.4100227790432801,False
171576 1999VP11,18.7,0.5,1.1,2034-10-17,94757.7451220892,0.16357,0.00249,5.501089047086056,2461000.5,0.584,1.085733,17.3,208.0603,413.2,0.452,61.7636,1.719,2460886.0956744244,99.6694,0.8712487899322362,False
17181 1999UM3,16.7,,,-,109394.14421606329,,0.07168,3.175238502338612,2461000.5,0.674,2.370372,10.7,113.557,1333.0,0.773,36.7708,3.968,2460911.6897383183,23.98513,0.2700675168792198,
171819 2001FZ6,18.4,,,-,,,0.27972,4.520703716714749,2461000.5,0.167,1.495712,9.9,17.3399,668.1,1.247,297.3715,1.745,2460916.642400724,45.18296,0.5388414907947912,
17182 1999VU,17.1,1.81,1.81,2026-06-19,48045.36096586908,0.17615,0.14361,4.60091267328939,2461000.5,0.553,1.387017,9.3,333.4791,596.7,0.619,203.217,2.155,2461154.5400955435,267.05736,0.6033182503770739,False
171839 2001JM1,19.2,0.4,0.9,2031-05-12,36564.327993717,0.13852,0.04492,4.525472358912926,2461000.5,0.311,1.460576,17.1,226.6383,644.7,1.007,321.9625,1.914,2461032.3362340084,342.22378,0.5583992554676593,False
17188 1999WC2,16.4,1.4,3.0,2046-06-08,67794.16099524227,0.1746,0.06317,3.2237356888763564,2461000.5,0.637,2.216313,29.5,269.7598,1205.2,0.805,287.2227,3.627,2461228.02231316,292.03561,0.2987056090275473,False
172034 2001WR1,17.8,0.63,0.63,2040-10-04,55650.01272561972,0.1866,0.07509,4.953678385875517,2461000.5,0.203,1.27725,25.0,6.5003,527.2,1.019,48.5647,1.536,2461211.5291038337,215.91041,0.6828528072837632,False
172678 2003YM137,18.9,0.51,0.51,2033-06-24,46981.93138729704,0.01679,0.01571,3.03033442590762,2461000.5,0.703,2.558185,2.8,73.9755,1494.5,0.76,131.0263,4.356,2460741.6079757577,62.3627,0.2408832385413181,False
172718 2004BD85,18.8,,,-,,,0.38808,4.258447109929231,2461000.5,0.205,1.609746,19.6,267.3495,746.0,1.28,284.4685,1.939,2461345.973739373,193.28185,0.4825737265415549,
172722 2004BV102,17.6,0.8,1.8,2029-01-02,87597.74019302965,0.1235,0.10294,4.144540398831513,2461000.5,0.699,1.543396,7.2,341.2741,700.3,0.464,17.2221,2.623,2460689.6367706284,159.79278,0.5140654005426246,False
17274 2000LC16,16.8,,,-,19033.937006264423,,0.20746,3.106049261142756,2461000.5,0.554,2.730815,5.6,305.7033,1648.3,1.218,21.3155,4.244,2461656.007448233,216.83287,0.2184068434144269,
172974 2005YW55,19.4,,,-,,,0.29289,4.254268417540151,2461000.5,0.246,1.637017,8.5,239.3519,765.0,1.234,256.7455,2.041,2460654.442790504,162.8442,0.4705882352941176,
173232 1998XC9,18.2,,,-,,,0.33007,3.1090912352631834,2461000.5,0.533,2.741891,9.6,317.243,1658.3,1.279,124.8048,4.204,2461152.461544481,327.0115,0.2170897907495628,
173561 2000YV137,18.3,0.52,0.52,2026-08-09,58420.5511414572,0.03356,0.01807,4.479333615455427,2461000.5,0.311,1.44795,28.0,137.2183,636.4,0.998,211.3805,1.898,2461289.4289931525,196.55759,0.5656819610307983,False
173664 2001JU2,19.7,0.3,0.7,2031-08-09,10805.843650271112,0.17073,0.10813,4.4672130720752,2461000.5,0.269,1.517382,4.0,100.7373,682.7,1.109,227.3141,1.925,2461044.690302989,336.69832,0.5273180020506811,False
173689 2001PK9,18.2,0.7,0.7,2110-06-10,27395.247307013964,0.13793,0.11304,3.981354026241584,2461000.5,0.395,1.779377,10.4,272.8781,867.0,1.076,314.0586,2.482,2460655.7273242907,143.16432,0.4152249134948096,False
174050 2002CC19,17.6,0.8,1.8,2037-02-06,91684.39473443304,0.19293,0.15955,4.684075508795459,2461000.5,0.113,1.284704,50.1,134.7335,531.9,1.139,20.1694,1.43,2460868.712633468,89.2017,0.676818950930626,False
174806 2003XL,17.2,,,-,,,0.1267,3.1867119544165385,2461000.5,0.567,2.52879,10.6,316.2373,1468.8,1.095,209.1633,3.963,2460451.963473152,134.44374,0.2450980392156863,
174881 2004BU58,18.1,,,-,,,0.45904,4.5919090130281885,2461000.5,0.557,1.253906,57.2,120.1697,512.9,0.555,171.8104,1.952,2460898.8580792467,71.34766,0.7018912068629363,
17511 1992QN,17.3,1.3,1.3,2027-07-12,54323.12592717696,0.16186,0.13236,5.254271305935637,2461000.5,0.359,1.189689,9.6,355.8843,474.0,0.763,202.4325,1.616,2461060.0834275526,314.74367,0.759493670886076,False
175114 2004QQ,16.7,1.2,2.7,2031-05-23,47565.39542715432,0.15573,0.06062,3.290984094915893,2461000.5,0.664,2.250459,5.7,288.0736,1233.1,0.756,31.4938,3.745,2460593.404827496,118.84839,0.2919471251317817,False
175189 2005EC224,18.4,,,-,,,0.25382,3.687755562445529,2461000.5,0.386,2.057962,2.6,169.1257,1078.3,1.264,79.4398,2.852,2461166.285814308,304.65286,0.3338588518965037,
175706 1996FG3,18.3,1.83,1.83,2035-05-05,29658.20509829844,0.10605,0.0281,5.776460932510559,2461000.5,0.35,1.054831,2.0,299.471,395.7,0.685,24.0571,1.424,2460960.214291883,36.65057,0.9097801364670204,False
175729 1998BB10,20.3,0.3,0.3,2031-01-02,56208.05743356648,0.16491,0.02363,4.970219676205391,2461000.5,0.425,1.271323,11.5,124.2729,523.6,0.732,259.2459,1.811,2461239.544733336,195.63873,0.6875477463712758,False
175921 2000DM1,18.3,,,-,58071.2272698294,,0.14252,4.6414023033032645,2461000.5,0.484,1.368842,20.7,342.7314,585.0,0.706,306.748,2.031,2461082.2657118626,309.67949,0.6153846153846154,
177016 2003BM47,19.9,,,-,,,0.15735,5.231671042956005,2461000.5,0.582,1.160065,13.8,137.554,456.4,0.485,155.3799,1.835,2461018.9032141683,345.48309,0.7887817703768625,
177049 2003EE16,19.8,0.29,0.7,2040-02-03,76851.61197522156,0.14594,0.00011,4.4944582589119495,2461000.5,0.614,1.41777,0.7,127.2265,616.6,0.547,259.4941,2.289,2461208.2789845187,238.68983,0.5838469023678236,False
177255 2003WC25,16.8,1.1,2.6,2062-09-14,25437.86782186017,0.18421,0.17462,3.410341293311406,2461000.5,0.486,2.293992,10.3,347.6622,1269.1,1.179,9.5487,3.409,2460476.2829384804,148.70563,0.2836655897880388,False
177614 2004HK33,17.6,0.94,0.94,2035-09-18,46934.30135693268,0.10839,0.00899,3.778708825901768,2461000.5,0.52,1.889731,5.4,104.6999,948.9,0.906,221.5551,2.873,2460773.448428935,86.14473,0.379386658235852,False
177651 2004XM14,17.5,,,-,,,0.4956,5.006114060246082,2461000.5,0.699,1.15421,42.4,89.4144,452.9,0.347,186.3842,1.961,2460944.04630918,44.87138,0.7948774563921396,
178601 2000CG59,17.8,,,-,,,0.27139,3.300487891262025,2461000.5,0.492,2.474504,4.2,28.6185,1421.8,1.257,29.5879,3.692,2461403.502194982,257.95794,0.2532001688001125,
178871 2001MA8,17.7,,,-,19045.71471761,,0.25394,3.378459003712691,2461000.5,0.464,2.373593,7.6,269.4493,1335.7,1.272,358.2522,3.476,2461387.261541077,255.75914,0.2695215991614883,
179806 2002TD66,20.4,0.22,0.5,2040-11-13,42138.92221942824,0.08271,0.00512,3.807200691491734,2461000.5,0.535,1.857682,4.9,335.5212,924.8,0.864,125.8991,2.851,2460958.969141305,16.16658,0.3892733564013841,False
180186 2003QZ30,17.6,3.51,3.51,2052-12-18,46573.65089570268,0.14962,0.04546,3.195585053125152,2461000.5,0.631,2.421472,8.6,178.0125,1376.3,0.892,243.1442,3.95,2461217.106752802,303.34256,0.2615708784422001,False
18106 Blume,17.8,,,-,,,0.19387,3.304216547881836,2461000.5,0.512,2.442807,4.2,109.167,1394.5,1.192,234.9372,3.694,2461558.5541556343,215.93889,0.2581570455360344,
18109 2000NG11,17.1,,,-,7747.680110390173,,0.19104,3.8844377139650303,2461000.5,0.368,1.881091,0.8,59.5443,942.4,1.19,319.249,2.573,2461235.275809156,270.3103,0.3820033955857385,
18172 2000QL7,15.6,,,-,20133.182721230714,,0.3653,3.262856181414936,2461000.5,0.511,2.425765,17.8,338.4236,1380.0,1.186,100.7625,3.665,2461588.2040664293,206.68327,0.2608695652173913,
183548 2003HU42,17.7,,,-,,,0.22691,3.922550333000581,2461000.5,0.34,1.844354,10.5,203.0714,914.9,1.217,196.3851,2.472,2461451.412808606,182.56871,0.3934856268444638,
184266 2004VW14,19.4,0.3,0.8,2042-03-11,68515.1787435282,0.11833,0.00794,3.4749088494532714,2461000.5,0.598,2.120751,3.8,100.8331,1128.1,0.853,42.7867,3.389,2461289.4472287465,267.78785,0.3191206453328606,False
184990 2006KE89,16.4,,,-,,,0.2302,5.322415105790999,2461000.5,0.799,1.053338,45.1,88.5893,394.9,0.212,299.2279,1.895,2461043.065360566,321.19315,0.9116231957457585,
185702 1998HK3,18.0,,,-,,,0.48761,3.873999689999146,2461000.5,0.3,1.828103,24.7,27.0796,902.8,1.279,267.6333,2.377,2461010.38409468,356.05868,0.3987594151528578,
185716 1998SF35,17.8,,,-,,,0.41338,3.982405455321815,2461000.5,0.274,1.685245,35.2,218.5714,799.1,1.224,253.7506,2.147,2460833.2268896643,75.35912,0.4505068201726943,
185851 2000DP107,18.3,0.863,0.863,2032-05-12,27648.38341764216,0.16117,0.01434,4.750136990895662,2461000.5,0.377,1.36505,8.7,358.6174,582.5,0.851,289.8307,1.879,2461082.474492955,309.34063,0.6180257510729614,False
185853 2000ER70,16.9,,,-,,,0.31354,3.710235981958254,2461000.5,0.311,1.857124,36.9,111.5835,924.4,1.28,338.6501,2.435,2460826.5956662465,67.72564,0.3894418000865426,
1862 Apollo,16.1,1.4,1.4,2046-11-13,64019.49450457752,0.03529,0.02601,4.4133596675703,2461000.5,0.56,1.470924,6.4,35.5416,651.6,0.647,286.0509,2.295,2460794.367748453,113.88454,0.5524861878453039,False
1863 Antinous,15.4,3.051,3.051,2094-08-13,56306.47647540456,0.19313,0.18731,3.297385449665998,2461000.5,0.606,2.260116,18.4,345.5512,1241.1,0.89,269.0745,3.63,2461243.319559081,289.56448,0.290065264684554,False
1864 Daedalus,14.8,,,-,,,0.26909,4.336723758398032,2461000.5,0.614,1.460839,22.2,6.597,644.9,0.563,325.6618,2.358,2461183.994574534,257.57084,0.558226081563033,
1865 Cerberus,16.7,1.61,1.61,2044-11-25,50401.77747247764,0.17093,0.15659,5.592690800435094,2461000.5,0.467,1.079973,16.1,212.8845,409.9,0.576,325.2894,1.584,2461046.419014421,319.67476,0.8782629909734082,False
1866 Sisyphus,12.5,6.86,6.86,2058-11-18,83065.56431854176,0.15329,0.10367,3.5136665521848665,2461000.5,0.538,1.893372,41.2,63.4467,951.6,0.875,293.0986,2.912,2460628.679321808,140.66424,0.3783102143757881,False
186822 2004FE31,17.9,0.7,1.5,2026-09-06,56571.3946998504,0.19773,0.07359,4.261889266161849,2461000.5,0.453,1.573674,13.1,200.713,721.1,0.861,150.3456,2.286,2461292.912075703,214.00862,0.4992372763833033,False
186823 2004FN32,19.1,,,-,,,0.23743,4.975404728176335,2461000.5,0.677,1.205,22.0,190.0596,483.1,0.39,161.1482,2.02,2460940.4079540684,44.77548,0.7451873318153591,
186844 2004GA1,17.4,0.9,1.9,2057-09-24,46178.89461460152,0.17187,0.01909,3.143959704060668,2461000.5,0.673,2.428669,7.8,261.4652,1382.5,0.793,54.6142,4.064,2461541.6263249954,219.08723,0.2603978300180832,False
187026 2005EK70,17.4,0.9,1.9,2039-08-16,54452.65664964024,0.19656,0.09559,6.160025212184595,2461000.5,0.135,0.959605,30.0,329.7762,343.3,0.83,347.0351,1.09,2460859.102767962,148.254,1.0486454995630643,False
187040 2005JS108,19.3,0.6,0.6,2035-09-21,39529.73959759548,0.12628,0.01866,4.800431828693071,2461000.5,0.322,1.355425,6.0,110.7919,576.4,0.919,244.0222,1.792,2461131.3289329284,278.28631,0.6245662734212353,False
18736 1998NU,16.0,,,-,,,0.20706,3.3841088590649546,2461000.5,0.491,2.349696,2.8,297.4218,1315.6,1.196,222.905,3.504,2461186.1902778023,309.18689,0.2736394040741867,
188174 2002JC,17.5,0.9,1.9,2031-06-02,75868.27697919168,0.18857,0.09356,6.906740213878837,2461000.5,0.391,0.818908,40.9,69.3816,270.7,0.499,306.9109,1.139,2460927.6357011874,96.9095,1.3298854820834871,False
188452 2004HE62,17.4,0.98,0.98,2057-07-28,66590.28771082021,0.10363,0.09818,3.081660029601635,2461000.5,0.573,2.552578,24.7,302.81,1489.6,1.091,21.5097,4.014,2460662.006357187,81.80619,0.2416756176154672,False
18882 1999YN4,16.1,,,-,,,0.43052,3.974825218617597,2461000.5,0.232,1.685007,36.8,291.6668,798.9,1.294,242.668,2.076,2461288.704065937,230.13214,0.4506196019526849,
189008 1996FR3,16.4,1.4,3.0,2031-03-08,96158.575125477,0.09394,0.08786,3.1787254885342464,2461000.5,0.793,2.168465,8.0,27.1389,1166.3,0.448,36.7492,3.889,2460556.200683072,137.13583,0.3086684386521478,False
189011 Ogmios,19.1,,,-,35291.09246898575,,0.22299,4.457927594155149,2461000.5,0.232,1.500369,18.7,254.4072,671.3,1.152,130.4303,1.849,2460867.323363717,71.42251,0.5362729033219128,
189040 2000MU1,19.9,0.28,0.6,2029-02-19,86134.33881912203,0.15625,0.01015,4.716034391825082,2461000.5,0.382,1.372542,13.1,130.0298,587.3,0.848,63.7604,1.897,2461049.561359922,329.92849,0.6129746296611613,False
189058 2000UT16,16.6,,,-,,,0.53921,3.107908923442848,2461000.5,0.511,2.571736,26.2,257.2077,1506.4,1.257,91.3581,3.887,2460784.6352512464,51.58769,0.238980350504514,
189062 2000VA45,18.5,,,-,,,0.27343,3.793995391017379,2461000.5,0.387,1.927796,12.8,35.0187,977.7,1.181,287.6379,2.675,2460565.338157276,160.23715,0.368211107701749,
189173 2002XY4,18.9,0.4,1.0,2083-06-11,86489.71536400668,0.19583,0.13993,3.536415726119422,2461000.5,0.57,1.843964,43.1,268.8958,914.6,0.793,273.7171,2.895,2460929.7800745447,27.83666,0.3936146949486114,False
189263 2005CA,15.8,1.8,4.0,2107-10-31,41022.770448569405,0.1441,0.15055,3.0275162848184163,2461000.5,0.589,2.729963,16.7,202.0712,1647.5,1.123,203.9595,4.337,2461472.238844201,256.9209,0.2185128983308042,False
189552 2000RL77,16.9,,,-,60588.47949092135,,0.33152,3.0582744769792862,2461000.5,0.536,2.556703,30.2,194.4473,1493.2,1.187,235.0479,3.926,2460825.2978910715,42.2399,0.2410929547281007,
189630 2001LE6,17.8,0.7,1.6,2038-06-09,88255.2883811796,0.13201,0.12606,4.99259052996573,2461000.5,0.693,1.20597,12.6,290.5187,483.7,0.37,201.5716,2.042,2461178.769599459,227.32884,0.7442629729170974,False
189700 2001TA45,19.1,,,-,,,0.21871,4.580084895507932,2461000.5,0.191,1.462905,10.7,204.8999,646.3,1.183,126.6246,1.743,2461164.6110778702,268.58494,0.5570168652328641,
189865 2003NC,19.4,,,-,84479.1167554038,,0.03727,4.274138354376292,2461000.5,0.806,1.405699,21.6,288.3877,608.7,0.273,224.3251,2.538,2461284.793087988,191.87523,0.5914243469689502,
189973 2003XE11,17.5,,,-,,,0.15944,3.803597445015338,2461000.5,0.377,1.844816,27.0,223.4655,915.2,1.149,173.2091,2.54,2461234.6698336783,267.89026,0.3933566433566433,
190119 2004VA64,17.0,,,-,131634.165130749,,0.29851,2.65285264277997,2461000.5,0.89,2.469668,29.7,225.4542,1417.6,0.273,20.0748,4.667,2460319.913238106,172.83418,0.2539503386004514,
190135 2005QE30,17.3,0.9,2.0,2031-10-26,53808.57784262736,0.08259,0.07815,3.476847416873162,2461000.5,0.688,2.018459,6.2,259.6906,1047.4,0.629,217.0889,3.408,2461115.646528519,320.42463,0.3437082299026159,False
190161 2005TJ174,16.8,,,-,,,0.2299,3.4919866830592694,2461000.5,0.452,2.238511,4.0,304.6168,1223.3,1.226,56.2591,3.251,2460920.06351082,23.6711,0.2942859478459904,
190166 2005UP156,17.2,1.03,1.03,2057-07-07,17888.891977229403,0.12829,0.12665,3.582413745676307,2461000.5,0.471,2.114802,4.2,193.0998,1123.3,1.118,91.6334,3.112,2461315.894644025,258.92267,0.3204842873675776,False
190208 2006AQ,18.2,0.86,0.86,2067-12-07,54295.75083954168,0.09645,0.09827,3.629616637385941,2461000.5,0.486,2.053269,4.1,325.7041,1074.7,1.055,105.5274,3.052,2461308.6588047715,256.76905,0.3349772029403554,False
190491 2000FJ10,21.0,0.17,0.4,2058-10-20,25288.7330488005,0.08948,0.05465,4.91916251004187,2461000.5,0.235,1.319291,5.3,189.7358,553.5,1.01,232.3933,1.629,2460875.9471066627,81.0116,0.6504065040650406,False
190758 2001QH96,18.4,0.6,1.2,2075-08-31,36338.78139428232,0.18419,0.16696,4.022102253168216,2461000.5,0.365,1.74951,14.0,178.5358,845.2,1.112,130.5144,2.387,2461399.351090804,190.12087,0.4259346900141978,False
190788 2001RT17,18.3,0.6,1.3,2028-08-13,106466.75881525548,0.19052,0.16169,4.669547242947334,2461000.5,0.792,1.26819,20.1,349.964,521.6,0.264,199.6543,2.273,2460903.8385045617,66.70853,0.6901840490797546,False
191094 2002EA3,20.0,0.26,0.6,2042-03-12,129176.04310724052,0.11942,0.08273,3.28861088423231,2461000.5,0.641,2.115959,32.1,349.2576,1124.2,0.761,259.5024,3.471,2461382.0827290225,237.81104,0.3202277174879914,False
1915 Quetzalcoatl,18.8,0.4,0.4,2062-02-24,54435.55010776668,0.13395,0.10883,3.1219966156363776,2461000.5,0.57,2.544841,20.4,162.9216,1482.8,1.094,347.7552,3.996,2460911.462842118,21.61652,0.2427839223091448,False
1916 Boreas,15.0,,,-,,,0.25224,3.440986218738465,2461000.5,0.449,2.272666,12.9,340.5954,1251.4,1.252,335.8548,3.293,2460878.447647317,35.11129,0.2876778008630334,
1917 Cuyo,14.4,3.8,3.8,2030-10-06,54844.1633676078,0.08966,0.0717,3.43425734856263,2461000.5,0.506,2.149051,24.0,188.2749,1150.7,1.063,194.5526,3.235,2460488.7840579427,160.08951,0.312853045972017,False
192559 1998VO,20.4,0.216,0.216,2036-04-22,27260.73941254844,0.15638,0.02732,5.713050682208924,2461000.5,0.227,1.074862,10.1,228.114,407.0,0.831,75.9805,1.318,2460801.6210189844,175.89914,0.8845208845208845,False
192563 1998WZ6,17.2,,,-,70797.48608987748,,0.03357,4.459379040164853,2461000.5,0.408,1.452094,24.8,68.6806,639.1,0.86,110.7402,2.044,2460837.969425137,91.54761,0.5632921295571898,
192642 1999RD32,16.4,1.4,3.0,2042-03-11,75884.59511275752,0.14285,0.05077,2.873156178070915,2461000.5,0.77,2.640969,6.8,309.8548,1567.6,0.607,300.1011,4.675,2460751.5203771214,57.17721,0.2296504210257719,False
193178 2000PK5,17.8,,,-,,,0.2206,3.537045933925631,2461000.5,0.701,1.934544,13.1,227.1889,982.8,0.578,191.8473,3.292,2460690.557148005,113.53187,0.3663003663003663,
19356 1997GH3,16.9,0.91,0.91,2093-03-01,29134.62175640335,0.17894,0.12067,3.223135755682391,2461000.5,0.558,2.512063,3.0,186.4625,1454.3,1.111,334.1443,3.913,2460623.861211968,93.23593,0.2475417726741387,False
194006 2001SG10,20.4,0.22,0.5,2029-05-03,30623.597617834548,0.05054,0.01696,4.544692123038666,2461000.5,0.425,1.4487,4.3,184.8938,636.9,0.834,101.6706,2.064,2461034.3069015928,340.89085,0.5652378709373528,False
194126 2001SG276,17.9,0.7,1.6,2030-04-28,51457.45553455536,0.08718,0.08223,4.540672152403313,2461000.5,0.248,1.432629,26.7,35.0957,626.3,1.078,200.4266,1.788,2460760.2769923448,138.07592,0.5748044068337858,False
194268 2001UY4,18.3,1.61,1.61,2029-10-22,109920.69510356916,0.10736,0.02579,4.2298132402753374,2461000.5,0.788,1.452778,5.4,160.4781,639.6,0.309,108.0516,2.597,2461108.171985725,299.3951,0.5628517823639775,False
1943 Anteros,15.7,2.48,2.48,2026-05-30,25928.29155594463,0.13216,0.06093,4.639813116598958,2461000.5,0.256,1.430527,8.7,246.2935,624.9,1.064,338.4366,1.797,2461173.44663975,260.37412,0.5760921747479597,False
194386 2001VG5,16.9,1.244,1.244,2030-04-15,55984.98353390352,0.19652,0.11394,3.2814366136516284,2461000.5,0.614,2.301031,13.7,248.2328,1274.9,0.889,280.4103,3.713,2461299.5046107545,275.56971,0.2823750882422151,False
196068 2002TW55,18.1,0.6,1.4,2076-04-24,137510.8941442338,0.04644,0.02945,2.9441334996521658,2461000.5,0.665,2.117431,59.3,33.5059,1125.4,0.71,251.1108,3.525,2461459.1982292826,213.27059,0.3198862626621645,False
196256 2003EH1,16.1,,,-,140919.17327486712,,0.21173,2.064819312332766,2461000.5,0.619,3.122359,70.9,282.9995,2015.2,1.19,171.3213,5.054,2460759.7732233936,43.00354,0.1786423183803096,
196625 2003RM10,20.2,0.24,0.5,2086-04-01,71958.27452501413,0.15112,0.00315,3.750857012093896,2461000.5,0.592,1.846718,13.7,341.0428,916.6,0.753,287.624,2.94,2461092.57488975,323.83869,0.39275583678813,False
197588 2004HE12,17.1,,,-,93657.39224852197,,0.00937,3.5945025620773903,2461000.5,0.466,1.845332,42.7,338.0251,915.6,0.985,162.2314,2.705,2461339.501680199,226.71106,0.3931847968545216,
19764 2000NF5,16.0,,,-,,,0.22193,3.5038057774055216,2461000.5,0.445,2.232523,1.3,281.3783,1218.4,1.24,9.8708,3.225,2461459.086599024,224.50241,0.2954694681549573,
1979XB,19.1,0.4,0.9,2033-05-31,82894.42602366876,0.15043,0.00532,2.87315398875955,2461000.5,0.746,2.56672,25.3,81.5511,1502.0,0.651,78.8719,4.482,2444267.6669785897,72.73012,0.2396804260985353,True
1980 Tezcatlipoca,13.8,,,-,,,0.24504,3.9960577256304086,2461000.5,0.365,1.709394,26.9,246.5426,816.3,1.086,115.4725,2.333,2461337.2434382085,211.49542,0.4410143329658214,
1981 Midas,15.3,1.9,1.9,2032-09-14,113050.52365166027,0.08635,0.00277,3.611934444221893,2461000.5,0.65,1.776272,39.8,356.7939,864.7,0.621,267.8442,2.932,2460843.539923938,65.34754,0.4163293627847808,False
1982YA,18.0,,,-,81149.56084116251,,0.21148,2.4150834450384195,2461000.5,0.692,3.645026,35.2,268.9373,2541.8,1.123,144.4382,6.167,2460540.9393842663,65.08727,0.1416319143913761,
1986NA,19.9,0.28,0.6,2029-06-17,20457.33238709964,0.17078,0.16471,3.793297269921735,2461000.5,0.402,1.933001,9.4,243.0675,981.6,1.156,37.802,2.71,2461337.1258109845,236.54651,0.3667481662591687,False
198752 2005EA60,19.9,0.28,0.6,2122-12-26,17904.227138881957,0.13187,0.21335,3.2559459539638045,2461000.5,0.524,2.509666,1.8,334.2602,1452.2,1.195,116.7097,3.824,2460632.763222882,91.16271,0.2478997383280539,False
198856 2005LR3,17.1,0.7,0.7,2076-12-07,52494.18789929364,0.16685,0.13906,4.109272741779593,2461000.5,0.335,1.653928,25.0,73.7787,776.9,1.099,26.423,2.209,2461020.8489316776,350.57089,0.4633801003990218,False
1988NE,19.1,,,-,,,0.23193,3.4773524257081654,2461000.5,0.444,2.246161,9.7,251.4234,1229.6,1.248,3.6814,3.244,2460851.5093659284,43.62162,0.2927781392322707,
199003 2005WJ56,18.2,0.71,0.71,2037-07-17,44353.147637088,0.13426,0.02251,6.21541637513414,2461000.5,0.152,0.959012,21.6,288.0147,343.0,0.813,297.6536,1.105,2461089.2275105016,266.88352,1.0495626822157431,False
1990UN,23.6,0.05,0.11,2028-11-26,43475.22763706664,0.13002,0.02078,4.014690314561836,2461000.5,0.528,1.710121,3.7,7.7246,816.8,0.807,97.8556,2.613,2448245.221181678,221.29146,0.4407443682664055,False
199145 2005YY128,18.3,0.6,1.3,2029-09-26,96427.68504810192,0.05951,0.02963,3.921889938085517,2461000.5,0.732,1.648588,3.8,299.9498,773.2,0.441,315.1894,2.856,2460812.141508595,87.70433,0.4655975168132436,False
1991BA,28.7,0.005,0.011,2055-01-09,64399.7049631326,0.18608,0.00045,3.425545224259744,2461000.5,0.666,2.09962,2.1,117.3479,1111.2,0.701,74.3782,3.498,2448317.754082066,145.33209,0.3239740820734341,True
1991GO,20.1,0.25,0.6,2049-10-16,65574.7936831476,0.17021,0.02506,3.609661716457071,2461000.5,0.654,1.925881,9.6,23.9427,976.2,0.666,89.7714,3.186,2460993.9781905003,2.40507,0.3687768899815611,False
1991JR,23.1,0.06,0.14,2074-06-29,25282.937252302127,0.18884,0.04312,4.699108191497377,2461000.5,0.259,1.40194,10.1,59.9866,606.3,1.038,207.5774,1.766,2448423.54302763,260.9092,0.5937654626422564,False
1991TT,26.0,0.017,0.04,2034-10-12,43798.9775404788,0.12412,0.03072,5.277149052052154,2461000.5,0.16,1.192652,14.8,192.3112,475.7,1.001,218.344,1.384,2448571.691810056,34.23893,0.7567794828673534,False
1991TU,28.3,0.006,0.013,2034-12-21,27418.653827696304,0.13066,0.00464,4.691474450343238,2461000.5,0.325,1.399269,7.5,193.2879,604.6,0.944,221.8114,1.854,2448570.9166083834,200.53203,0.5954349983460139,False
1991VA,26.5,0.02,0.02,2041-09-14,14872.654606979591,0.11656,0.00663,4.5940988434520325,2461000.5,0.356,1.438259,6.7,37.2735,630.0,0.927,314.1432,1.95,2448522.9374281024,299.96787,0.5714285714285714,False
1991VG,28.1,0.006,0.014,2038-11-07,25598.72650949265,0.07019,0.00193,5.930271018296741,2461000.5,0.052,1.032344,1.4,71.2701,383.1,0.978,26.9278,1.086,2461185.5693377308,186.09902,0.9397024275646044,False
1991XA,23.9,0.04,0.1,2029-09-20,36570.84573525192,0.08736,0.04045,3.612023914119873,2461000.5,0.523,2.042381,4.9,76.7373,1066.1,0.974,309.435,3.111,2448556.0855138227,240.07244,0.3376793921770941,False
1991XB,18.6,,,-,35945.11849561567,,0.25455,2.9344760736681184,2461000.5,0.582,2.963846,16.2,250.1484,1863.7,1.24,172.7165,4.688,2461540.9400708,255.6078,0.1931641358587755,
1992DU,25.3,0.024,0.05,2058-02-28,46114.92174139488,0.10577,0.03648,5.338168128868875,2461000.5,0.174,1.157373,25.0,337.8602,454.8,0.957,121.5175,1.358,2448625.090195683,71.01208,0.7915567282321899,False
1992JD,24.9,0.027,0.06,2030-11-15,51932.042449848,0.18992,0.01439,5.889514699186482,2461000.5,0.031,1.03613,13.6,222.4043,385.2,1.004,290.2743,1.069,2460986.8126986013,12.27417,0.9345794392523364,False
1992SZ,19.9,,,-,36467.27585728596,,0.20106,3.523644782696775,2461000.5,0.458,2.178924,9.3,4.0378,1174.8,1.18,315.1727,3.177,2460581.632696385,128.35638,0.306435137895812,
1992YD3,26.3,0.014,0.03,2039-12-28,53590.70043902592,0.06483,0.02348,5.3427723478443525,2461000.5,0.128,1.152249,27.7,274.2281,451.8,1.005,168.2484,1.3,2448971.873873898,223.59368,0.796812749003984,False
1993BD3,26.1,0.016,0.04,2041-02-22,29059.38351950159,0.13733,0.03692,4.226696074076932,2461000.5,0.374,1.632385,0.9,313.4701,761.8,1.022,169.2808,2.243,2449010.103538304,257.0047,0.4725649776844316,False
1993BU3,21.0,0.16,0.4,2079-01-06,22959.68216130324,0.19622,0.20845,3.3241454568480178,2461000.5,0.509,2.412629,5.3,316.0701,1368.8,1.184,144.5129,3.641,2461265.1452799505,290.14044,0.2630040911747516,False
1993DA,26.3,0.015,0.03,2031-02-08,61404.26795219988,0.10939,0.0332,6.385264654473614,2461000.5,0.093,0.935889,12.4,329.0003,330.7,0.849,353.9588,1.023,2461097.2185207903,254.82057,1.0885999395222257,False
1993FA1,25.8,0.018,0.04,2039-03-26,42491.46577083948,0.03274,0.02435,4.587430951135197,2461000.5,0.289,1.426328,20.5,187.2383,622.2,1.015,343.7318,1.838,2449059.0605450515,68.51643,0.5785920925747348,False
1993HC,20.6,0.2,0.4,2066-01-21,56762.86941510696,0.17922,0.06842,3.666234650377098,2461000.5,0.508,1.989842,9.4,201.003,1025.2,0.979,306.9091,3.0,2461337.5170965497,241.66096,0.3511509949278189,False
1993HP1,27.0,0.01,0.023,2038-05-10,33793.78130841103,0.09762,0.00644,3.671299666202067,2461000.5,0.508,1.98852,8.1,36.6787,1024.2,0.979,152.5966,2.998,2449081.722155786,209.67934,0.3514938488576449,True
1993KA,26.0,0.017,0.04,2031-04-14,16478.75252254925,0.08468,0.00245,5.1030618026737065,2461000.5,0.198,1.25528,6.1,235.7419,513.7,1.007,342.1455,1.503,2460924.7632789062,52.31593,0.7007981312049834,False
1993KA2,28.9,0.004,0.01,2082-11-07,86578.65859702068,0.02746,0.00471,3.169971677599752,2461000.5,0.769,2.22925,3.1,230.1594,1215.7,0.515,271.138,3.944,2449082.0851153275,290.68871,0.2961256889035124,True
1993TZ,25.8,0.019,0.04,2037-01-01,82955.39757403104,0.10417,0.00452,3.603712251264356,2461000.5,0.566,2.017089,4.2,203.2399,1046.4,0.876,231.9863,3.159,2460854.348632255,50.28264,0.3440366972477064,False
1993UA,25.4,0.022,0.05,2036-10-16,34081.97660008888,0.00615,0.00292,3.640192854790283,2461000.5,0.524,2.014016,4.6,26.7901,1044.0,0.958,330.3285,3.07,2460797.996102747,73.41984,0.3448275862068966,True
1993UD,20.3,0.23,0.5,2049-04-24,59543.27931581244,0.19143,0.18092,4.853398815602727,2461000.5,0.195,1.319913,22.8,25.0153,553.9,1.063,254.8986,1.577,2460770.5142038134,149.48141,0.6499368116988626,False
1994BB,23.5,0.05,0.12,2039-12-30,3762.993145991472,0.1812,0.17743,3.7014712879797713,2461000.5,0.426,2.021902,1.1,122.6291,1050.1,1.161,335.9714,2.883,2460900.8967977674,34.14575,0.3428244929054376,False
1994CJ1,21.5,0.14,0.3,2034-07-07,36871.664465709,0.1731,0.03122,4.5034339059201205,2461000.5,0.325,1.490223,2.3,171.9969,664.5,1.005,65.3871,1.975,2460792.8317152457,112.51159,0.5417607223476298,False
1994EK,20.4,0.22,0.5,2035-01-13,108643.80553493075,0.16211,0.03084,3.4033339519114527,2461000.5,0.639,2.150612,6.0,332.8244,1152.0,0.777,99.4532,3.524,2460858.121517757,44.49437,0.3125,False
1994ES1,28.5,0.005,0.012,2069-09-24,67188.45873594456,0.15414,0.00063,4.536933332964204,2461000.5,0.587,1.408519,0.9,352.5489,610.6,0.582,279.4329,2.235,2449479.918905281,311.09041,0.5895840157222404,False
1994EU,25.8,0.018,0.04,2031-03-18,19285.721598074688,0.12678,0.02883,4.772494640217371,2461000.5,0.276,1.372579,6.4,351.4241,587.4,0.994,145.846,1.751,2449391.9550944194,267.33515,0.6128702757916241,False
1994FA,25.1,0.025,0.06,2033-03-09,33226.65598005799,0.04678,0.04107,4.015197461308672,2461000.5,0.419,1.739128,13.0,355.553,837.7,1.01,153.5649,2.469,2449404.1395091955,302.43391,0.4297481198519756,False
1994GK,24.1,0.04,0.09,2035-04-11,56581.69310597088,0.10046,0.00068,3.633092588386935,2461000.5,0.605,1.955019,5.7,14.3823,998.4,0.772,112.7278,3.138,2449403.788677218,219.59724,0.3605769230769231,True
1994GL,25.5,0.021,0.05,2029-03-16,33285.7872596151,0.11133,0.01238,8.239450405029825,2461000.5,0.504,0.683409,3.7,196.609,206.4,0.339,179.571,1.028,2460906.9520488363,163.19351,1.744186046511628,False
1994GV,27.4,0.009,0.02,2031-01-27,29958.846971820407,0.17182,0.00047,3.655054602215766,2461000.5,0.521,2.005037,0.5,20.2321,1037.0,0.96,153.868,3.05,2461200.4668021253,52.01987,0.3471552555448409,True
1994NE,20.0,0.26,0.6,2035-06-28,86684.5933131726,0.18624,0.01858,3.4285638823104048,2461000.5,0.606,2.04578,27.5,104.4348,1068.8,0.806,246.7075,3.286,2449586.094005264,244.91781,0.3368263473053892,False
1994NK,20.0,0.27,0.6,2030-06-26,38116.49369980896,0.16495,0.109,3.339564564130642,2461000.5,0.535,2.356806,5.7,119.2568,1321.6,1.096,129.7564,3.618,2461341.247441073,267.17799,0.2723970944309927,False
1994RB,23.3,0.06,0.13,2029-08-31,70899.54113808216,0.07053,0.03104,3.052103527068424,2461000.5,0.641,2.471876,26.5,339.3862,1419.5,0.889,52.5716,4.055,2449636.4142967863,0.48156,0.2536104262064107,False
1994TA2,20.2,,,-,,,0.26013,3.1758824380898383,2461000.5,0.527,2.634125,7.0,200.5342,1561.5,1.246,119.7669,4.022,2460492.3401843854,117.15207,0.2305475504322766,
1994TE2,22.6,,,-,13355.20957178826,,0.2574,3.490418680047388,2461000.5,0.441,2.246005,5.7,198.5031,1229.5,1.255,185.4675,3.237,2449639.5189383337,84.50274,0.2928019520130134,
1994US,21.0,,,-,19798.15504215068,,0.20601,3.079607783705068,2461000.5,0.573,2.731597,8.5,223.027,1649.0,1.167,122.01,4.297,2449599.394956373,325.22167,0.2183141297756216,
1994VH8,27.5,0.008,0.019,2034-07-11,35662.338677211475,0.11162,0.00231,4.065458726148754,2461000.5,0.473,1.700655,3.5,38.2,810.1,0.895,311.591,2.506,2449621.397508529,18.67915,0.444389581533144,False
1994WR12,22.4,0.09,0.2,2026-01-14,80901.93001490497,0.0958,0.00147,7.571716339161618,2461000.5,0.397,0.756765,6.8,62.5214,240.5,0.456,206.0432,1.058,2460898.458263894,152.77084,1.496881496881497,False
1994XG,18.7,0.5,1.1,2103-09-19,50968.3885353828,0.18243,0.06763,4.230353197824135,2461000.5,0.499,1.57953,11.5,231.6672,725.1,0.792,46.6946,2.367,2461090.686251441,315.22362,0.4964832436905254,False
1994XM1,28.1,,,-,40737.71629040077,,0.00079,3.5268028584394493,2461000.5,0.575,2.086754,4.5,75.9059,1101.0,0.887,42.6699,3.286,2449726.956585546,88.56997,0.326975476839237,
1995BK2,22.5,0.09,0.19,2029-01-24,53562.65626084501,0.13622,0.09153,3.178149665991405,2461000.5,0.556,2.418271,25.1,130.7328,1373.6,1.073,350.7877,3.764,2449738.389321634,58.00834,0.262085032032615,False
1995CR,21.7,0.1,0.1,2033-02-21,77708.27379479112,0.0298,0.0126,6.151475297554692,2461000.5,0.868,0.906946,4.1,342.3171,315.5,0.119,322.8353,1.695,2460852.6342574744,168.73266,1.1410459587955626,False
1995CS,25.4,0.022,0.05,2041-02-02,89022.98457106056,0.01624,0.00081,3.452894173125625,2461000.5,0.774,1.94168,2.6,134.9386,988.2,0.438,253.059,3.445,2449706.084103948,152.45764,0.3642987249544626,True
1995DV1,22.9,0.07,0.15,2037-01-31,36673.14235022316,0.15326,0.06809,2.9818012050877862,2461000.5,0.637,2.811797,3.6,167.681,1722.2,1.02,289.261,4.604,2449721.5319036827,228.24769,0.2090349552897456,False
1995FF,26.3,0.014,0.03,2026-11-10,68055.26070314267,0.15151,0.00257,3.183339619386497,2461000.5,0.708,2.323641,0.6,171.5352,1293.8,0.678,297.2734,3.969,2449759.3404534208,250.91088,0.2782501159375483,False
1995FG,23.0,0.07,0.15,2073-05-06,14913.921806325468,0.17113,0.15243,3.918809574697251,2461000.5,0.373,1.849918,2.0,184.8279,919.0,1.16,37.1708,2.539,2460867.7459405907,51.8808,0.3917301414581066,False
1995FO,20.9,0.18,0.4,2043-11-06,30240.130026656738,0.17689,0.13249,4.472927223999078,2461000.5,0.365,1.488541,11.2,180.7092,663.3,0.946,272.6747,2.031,2460974.274005772,14.23298,0.542740841248304,False
1995FX,20.0,0.3,0.3,2114-03-28,49784.8072714344,0.12431,0.07594,3.3347029616422907,2461000.5,0.54,2.260995,21.4,188.1194,1241.8,1.04,27.9523,3.482,2460982.927629813,5.0943,0.2899017555161862,False
1995HM,22.7,0.1,0.1,2062-05-16,8665.2156124026,0.19503,0.12755,4.596565955868266,2461000.5,0.22,1.459374,4.0,45.2145,643.9,1.139,209.2199,1.78,2460829.556810863,95.56654,0.559093026867526,False
1995LA,24.2,0.04,0.09,2029-07-18,31386.69532566864,0.15589,0.01085,3.5292152550152256,2461000.5,0.523,2.121114,8.7,247.5421,1128.4,1.011,17.9681,3.231,2461209.1666677385,300.226,0.3190358029067706,False
1995NA,23.2,0.06,0.14,2030-07-13,31034.33834964285,0.08981,0.04953,4.109728677206855,2461000.5,0.391,1.685078,12.8,275.9798,799.0,1.026,34.0837,2.344,2449931.3013920872,306.79714,0.4505632040050062,False
1995SA4,22.5,0.08,0.18,2090-09-22,56534.87955053412,0.14804,0.05242,3.2113683507848823,2461000.5,0.578,2.500141,2.8,187.552,1443.9,1.056,148.2846,3.944,2461511.382100709,233.32827,0.2493247454809889,False
1995SB,22.3,,,-,23708.436091818265,,0.27895,4.9146443352974245,2461000.5,0.085,1.31928,14.8,351.9395,553.5,1.207,263.4638,1.432,2460909.2874699603,59.32676,0.6504065040650406,
1995SC1,22.9,0.07,0.16,2066-09-01,22524.15368534076,0.12151,0.10885,3.5713207797955864,2461000.5,0.475,2.11868,6.8,357.8169,1126.4,1.112,341.5623,3.125,2461237.0029815435,285.50939,0.3196022727272727,False
1995SD1,20.6,,,-,24021.12855371181,,0.17106,3.055530846311848,2461000.5,0.577,2.76696,9.5,178.023,1681.1,1.171,191.0767,4.363,2460171.5464158463,177.51291,0.2141454999702575,
1995UB,27.2,0.01,0.022,2043-10-29,80391.10798329444,0.19376,0.00266,4.651509620947492,2461000.5,0.412,1.399661,9.0,204.0062,604.8,0.823,112.6003,1.976,2460855.896101285,90.00814,0.5952380952380952,True
1995UC2,20.9,,,-,52290.91990734804,,0.41912,3.894307618452597,2461000.5,0.341,1.774144,28.9,32.978,863.1,1.17,273.9975,2.379,2461125.129957062,308.01918,0.4171011470281543,
1996AE2,20.2,0.24,0.5,2028-01-15,70373.83128333911,0.17736,0.12061,4.59263232130639,2461000.5,0.257,1.367484,37.4,118.9327,584.1,1.017,305.9253,1.718,2461146.2114773667,270.19216,0.6163328197226502,False
1996AP1,24.9,0.028,0.06,2049-01-10,65572.23165866532,0.02786,0.02316,3.768121414275076,2461000.5,0.494,1.914458,5.5,117.7407,967.5,0.968,324.2721,2.861,2450070.0676514264,104.9062,0.3720930232558139,False
1996BA1,20.5,,,-,11104.872823246213,,0.2592,3.7606996488326527,2461000.5,0.372,1.984707,6.7,321.2402,1021.3,1.247,179.0483,2.723,2461356.2651213,234.59273,0.3524919220601195,
1996BG1,23.8,0.05,0.1,2030-02-05,66989.68432421293,0.13803,0.0267,6.599071125806342,2461000.5,0.28,0.896646,3.8,139.1874,310.1,0.645,151.0004,1.148,2461109.8461529813,233.06649,1.1609158336020635,False
1996BT,22.7,0.08,0.17,2035-11-07,98839.03175701595,0.19972,0.03399,4.850080399058204,2461000.5,0.832,1.202286,12.0,296.7907,481.5,0.202,328.2294,2.203,2450156.0739240497,189.47549,0.7476635514018691,False
1996FT1,24.2,0.04,0.09,2032-11-15,16353.940514248116,0.03255,0.02445,4.540991865705051,2461000.5,0.399,1.457011,2.7,12.2114,642.4,0.875,94.0999,2.039,2450100.317725292,346.91415,0.5603985056039851,False
1996GQ,23.2,0.208,0.208,2069-01-10,32231.500790299127,0.14404,0.02174,3.6898178591862494,2461000.5,0.495,1.989754,0.9,85.2778,1025.2,1.005,59.2436,2.974,2461393.9671738176,221.82994,0.3511509949278189,False
1996HN,21.4,,,-,16650.790011158362,,0.29243,3.5347785824211546,2461000.5,0.412,2.20278,8.6,202.806,1194.1,1.295,25.7614,3.111,2460964.29328599,10.90591,0.3014822879155849,
1996JA1,20.9,0.2,0.2,2033-05-09,111438.70453674468,0.18116,0.01693,2.959913072923903,2461000.5,0.7,2.567078,21.6,55.7778,1502.3,0.77,248.5746,4.364,2460771.1463283463,58.35798,0.2396325634027824,False
1996KE,19.0,,,-,49920.854273475125,,0.19227,3.1078484184893886,2461000.5,0.536,2.567356,24.3,56.4589,1502.5,1.192,197.6672,3.943,2460762.306252318,56.78224,0.2396006655574043,
1996MQ,23.9,0.04,0.1,2033-08-25,29177.609919334383,0.1609,0.01292,3.281031182468728,2461000.5,0.58,2.387693,3.5,262.2622,1347.6,1.004,29.5505,3.771,2450275.1459547826,330.50165,0.2671415850400712,False
1996TC1,23.9,0.04,0.1,2029-09-28,120556.6141147524,0.0618,0.00677,3.600764986818758,2461000.5,0.719,1.861548,14.4,3.8541,927.7,0.522,260.0172,3.201,2450304.26881845,192.09194,0.388056483777083,True
1996TD9,23.8,0.05,0.1,2030-05-03,81601.47299226456,0.03199,0.02227,4.824722945889449,2461000.5,0.404,1.333647,5.0,206.1261,562.5,0.794,89.8669,1.873,2460990.9080831963,6.13831,0.64,False
1996TP6,19.9,0.27,0.6,2043-05-22,80613.4744520172,0.10768,0.09421,3.0563412051818526,2461000.5,0.638,2.635159,9.3,38.1959,1562.5,0.953,252.0128,4.317,2461192.169621801,315.83815,0.2304,False
1996VB3,22.1,0.1,0.22,2042-05-18,105431.55742225044,0.04207,0.02255,4.127128886354787,2461000.5,0.547,1.630845,2.8,179.8194,760.7,0.739,133.5797,2.523,2460982.5407047123,8.49912,0.4732483239121861,False
1996VZ4,24.1,0.04,0.09,2033-11-17,50716.35916183836,0.1042,0.04357,4.16257980575713,2461000.5,0.367,1.617092,24.4,48.9893,751.1,1.024,15.5087,2.21,2450413.74147237,34.65754,0.4792970310211689,False
1996XX14,19.3,0.4,0.8,2053-09-04,81776.35735536275,0.11151,0.09774,3.08801885240082,2461000.5,0.649,2.549499,10.6,195.4855,1486.9,0.894,185.0842,4.205,2460782.839856389,52.69873,0.2421144663393637,False
1996XZ12,25.3,0.023,0.05,2025-12-04,100895.35547375747,0.12812,0.00556,6.069046941475704,2461000.5,0.496,0.978253,5.6,251.3634,353.4,0.493,56.1313,1.463,2450355.258151862,45.17348,1.0186757215619695,False
1997AC11,20.6,0.2,0.2,2031-01-20,68026.08184804404,0.18513,0.10317,6.361237038113991,2461000.5,0.368,0.913234,31.7,116.917,318.8,0.577,141.5845,1.249,2461075.632039488,275.14906,1.1292346298619824,False
1997CD17,27.4,0.009,0.02,2041-02-13,53556.78559309308,0.05659,0.00703,5.524191172262894,2461000.5,0.141,1.122427,15.1,320.375,434.3,0.964,221.6071,1.281,2460954.079831179,38.19123,0.8289201013124569,False
1997EN23,22.7,,,-,23838.09890248127,,0.23755,2.8137310304873706,2461000.5,0.625,3.290511,7.0,178.3048,2180.2,1.233,353.8268,5.348,2450522.379193477,309.54077,0.165122465828823,
1997GD32,21.3,0.15,0.3,2055-04-25,88674.18635143548,0.18607,0.01442,3.487751374275493,2461000.5,0.599,2.103562,5.3,55.3053,1114.4,0.844,226.6362,3.363,2460636.128309418,120.08201,0.3230437903804737,False
1997GK3,22.7,0.08,0.17,2031-04-05,51442.172539731,0.12123,0.0888,4.604212437438301,2461000.5,0.29,1.424152,18.4,24.3192,620.8,1.011,128.207,1.837,2461055.332893719,328.20123,0.5798969072164949,False
1997MS,19.2,0.4,0.9,2118-06-10,109164.1618571922,0.17793,0.17244,3.172317328126772,2461000.5,0.728,1.933303,54.9,86.185,981.9,0.525,65.7808,3.342,2461358.9371782094,228.5783,0.3666361136571952,False
1997PN,19.6,,,-,55508.36308693452,,0.27653,3.400087905253279,2461000.5,0.421,2.225457,26.5,309.4919,1212.6,1.288,348.7498,3.163,2461561.494629561,193.4542,0.2968827313211282,
1997QK1,20.3,0.3,0.3,2039-07-11,50970.3553069812,0.01586,0.01712,2.9848815758379628,2461000.5,0.646,2.783108,2.9,306.47,1695.9,0.984,3.2088,4.582,2460894.064889083,22.59404,0.212276667256324,False
1997RT,19.9,0.3,0.3,2034-09-20,29780.48085699622,0.18158,0.05776,3.4287561788902203,2461000.5,0.524,2.247007,6.2,325.7723,1230.3,1.069,6.5107,3.425,2460523.495011504,139.57907,0.2926115581565472,False
1997TC25,24.8,0.029,0.06,2085-08-22,36725.22381313368,0.03102,0.0021,3.112215024685118,2461000.5,0.618,2.601283,0.2,39.9728,1532.4,0.993,300.5623,4.21,2450700.019560592,264.30432,0.2349256068911511,True
1997TT25,19.2,,,-,15671.980465954415,,0.24764,3.601419960013524,2461000.5,0.418,2.123124,7.6,30.214,1130.0,1.235,18.2838,3.011,2460932.341864432,21.71502,0.3185840707964602,
1997TZ16,24.0,0.04,0.09,2038-02-21,47909.70786605544,0.16315,0.00973,3.57659055937875,2461000.5,0.597,2.017171,3.8,12.9032,1046.4,0.813,68.3787,3.222,2450777.628668105,274.46831,0.3440366972477064,False
1997UA11,25.6,0.02,0.05,2026-10-27,45110.1625840782,0.01696,0.00064,3.2617828407232032,2461000.5,0.618,2.360571,3.3,212.3757,1324.7,0.902,138.537,3.819,2450717.311482699,275.81527,0.2717596436929116,True
1997UR,23.2,0.06,0.14,2034-11-14,59495.83997872788,0.0189,0.01759,4.571952069704336,2461000.5,0.312,1.459088,2.3,213.93,643.8,1.004,200.4643,1.914,2461064.685983573,323.55031,0.5591798695246971,False
1997UZ10,23.4,0.06,0.13,2092-11-11,34234.961201654325,0.11312,0.09726,2.967188404604564,2461000.5,0.616,2.841365,12.7,38.5835,1749.4,1.09,359.129,4.593,2450752.053457709,313.03889,0.2057848405167485,False
1997VG,22.5,0.08,0.19,2062-11-02,64048.59074539979,0.1042,0.08269,3.879132624192516,2461000.5,0.402,1.753379,31.0,219.4286,848.0,1.049,154.7472,2.458,2450730.0960016595,39.35985,0.4245283018867924,False
1997VG6,19.6,0.3,0.7,2040-05-08,51794.32941048636,0.0624,0.04816,4.1063132464292025,2461000.5,0.564,1.608352,18.5,51.6273,745.0,0.701,250.936,2.516,2450679.248473075,305.52868,0.4832214765100671,False
1997VN4,23.9,,,-,45081.65738649816,,0.10328,3.263171298177559,2461000.5,0.552,2.442777,7.5,48.3858,1394.5,1.094,350.9007,3.792,2460489.312170438,131.96505,0.2581570455360344,
1997WQ23,20.8,0.5,0.5,2036-07-16,32450.785428592226,0.05472,0.01017,3.998470733579377,2461000.5,0.495,1.737421,2.4,55.808,836.5,0.878,296.6354,2.597,2460751.396566791,107.2077,0.4303646144650329,False
1997XE10,24.4,0.03,0.08,2061-12-02,41932.6018270632,0.03623,0.01473,3.827567654828973,2461000.5,0.478,1.871677,6.3,72.4537,935.3,0.977,25.0475,2.767,2461082.4887468256,328.44182,0.3849032396022667,False
1997XS2,19.5,,,-,,,0.32106,3.106397783123647,2461000.5,0.518,2.667058,19.4,74.7849,1590.9,1.285,24.2768,4.049,2460328.457535446,152.07296,0.2262870073543277,
1997YM9,24.2,0.04,0.09,2036-12-28,61621.87966767216,0.15836,0.03076,5.652642280276451,2461000.5,0.104,1.095987,7.8,94.69,419.1,0.982,51.7543,1.21,2460904.2405721378,82.6874,0.8589835361488904,False
1997YR10,20.1,0.25,0.6,2103-12-23,70818.85289865456,0.1785,0.16545,3.895087778759262,2461000.5,0.334,1.719629,36.7,270.0096,823.7,1.145,190.7809,2.295,2450820.220735254,130.10862,0.4370523248755614,False
199801 2007AE12,19.4,0.4,0.8,2030-06-10,81638.65651838256,0.06238,0.00636,4.024466567687937,2461000.5,0.569,1.684401,2.3,245.4411,798.5,0.725,86.9646,2.644,2461114.068303759,308.7973,0.4508453350031308,False
1998BR26,26.1,0.016,0.04,2059-01-23,49409.60743039176,0.17362,0.01578,4.1267004851710105,2461000.5,0.49,1.641885,12.2,129.8362,768.4,0.838,62.2207,2.446,2460866.43290848,63.52645,0.4685059864653826,False
1998BT13,26.3,0.02,0.02,2047-12-27,26822.27515498848,0.0333,0.00027,3.222048787151506,2461000.5,0.599,2.450873,1.4,123.2552,1401.5,0.983,353.4282,3.919,2460677.064283533,81.06199,0.2568676418123439,True
1998BY7,21.3,0.15,0.3,2041-06-29,44274.84933733596,0.02594,0.02306,3.563267288034793,2461000.5,0.609,2.019675,3.3,121.8733,1048.4,0.79,90.615,3.249,2461413.985120747,218.01525,0.343380389164441,False
1998DK36,25.0,0.026,0.06,2028-03-08,26208.197204637563,0.14303,0.0093,8.176595358147877,2461000.5,0.415,0.692653,2.0,150.869,210.6,0.405,180.7259,0.98,2450971.788301161,237.85115,1.7094017094017095,False
1998DV20,20.2,0.24,0.5,2067-09-10,71234.05695312996,0.15065,0.0747,3.54543107501012,2461000.5,0.608,1.984553,19.7,150.2005,1021.2,0.779,262.0183,3.191,2450793.678890364,358.59658,0.3525264394829612,False
1998DX11,27.0,0.011,0.024,2045-01-06,32582.988972521856,0.11944,0.00348,3.18791890836875,2461000.5,0.606,2.48268,6.5,334.7866,1428.8,0.977,162.2186,3.988,2450854.056562636,33.53554,0.251959686450168,False
1998EE3,27.1,0.01,0.022,2034-03-15,45403.14782474352,0.05057,0.01188,3.4102434434392137,2461000.5,0.588,2.2013,6.1,339.5959,1192.9,0.908,226.7734,3.495,2450908.0563609456,156.37209,0.3017855645904937,False
1998EP4,21.7,0.12,0.27,2033-07-31,77471.75738306016,0.11786,0.06218,4.311303079016999,2461000.5,0.441,1.559801,7.2,352.6998,711.5,0.872,266.5931,2.248,2460922.881967293,39.27062,0.5059732958538299,False
1998FG12,21.1,0.16,0.4,2045-02-18,33680.24822987622,0.123,0.10728,3.378355873740019,2461000.5,0.581,2.240672,8.7,21.9195,1225.1,0.939,98.1912,3.543,2460644.11110812,104.91872,0.2938535629744511,False
1998FL5,21.4,0.14,0.3,2046-03-11,58315.36180756572,0.10532,0.10381,4.3505086789222815,2461000.5,0.365,1.545012,14.5,185.8125,701.4,0.982,297.704,2.109,2460657.52626441,176.02209,0.5132591958939264,False
1998FM9,19.6,,,-,20774.244029752765,,0.29254,3.444608187617696,2461000.5,0.442,2.288359,10.3,162.3098,1264.4,1.276,32.181,3.301,2461029.556154437,351.72714,0.2847200253084467,
1998GC1,21.2,0.15,0.3,2043-03-28,35616.36709953414,0.15598,0.13293,4.564571294985079,2461000.5,0.292,1.441109,18.7,19.0244,631.9,1.02,117.2127,1.863,2460964.134488942,20.71803,0.5697103972147491,False
1998GL10,19.0,,,-,27839.83001547964,,0.15133,2.788972912570628,2461000.5,0.669,3.168573,8.7,193.1305,2060.1,1.049,287.5312,5.288,2461167.137224381,330.88073,0.1747487986020096,
1998HH1,23.1,,,-,39864.60340231248,,0.05113,3.476151075109589,2461000.5,0.511,2.157451,16.0,203.5281,1157.5,1.055,359.8788,3.259,2461328.830035775,255.78936,0.3110151187904967,
1998HM1,24.3,0.04,0.08,2050-04-18,47406.447440166245,0.12998,0.01614,4.656227194915847,2461000.5,0.361,1.411711,3.2,201.715,612.7,0.902,70.0577,1.922,2450976.305843576,135.04453,0.5875632446548066,False
1998HP126,25.3,0.023,0.05,2029-06-04,,0.15405,0.00557,7.264108886027044,2461000.5,0.486,0.790531,0.8,186.6381,256.7,0.406,237.7737,1.175,2459367.4044226,188.24159,1.4024152707440594,False
1998HT31,20.8,0.41,0.41,2085-09-30,64385.25230974536,0.12078,0.03111,3.0723303134890383,2461000.5,0.692,2.504644,6.8,213.4673,1447.8,0.771,80.741,4.239,2450984.67034453,328.89633,0.2486531288852051,False
1998KD3,20.8,0.18,0.4,2036-05-13,66117.76117179192,0.1258,0.04912,3.4866078534994136,2461000.5,0.51,2.041812,29.5,241.2554,1065.7,1.001,324.7923,3.083,2460536.775421821,157.29528,0.3378061368114854,False
1998KF3,19.0,,,-,53877.04852178268,,0.26271,3.478343944826156,2461000.5,0.417,2.130159,27.1,226.4992,1135.6,1.241,332.816,3.019,2461113.6763294046,324.121,0.3170130327580134,
1998KH,19.0,0.4,0.9,2051-05-04,129177.5341501134,0.15273,0.0665,3.860798908171236,2461000.5,0.714,1.650361,26.2,44.6373,774.4,0.472,64.4745,2.828,2460954.4624545737,21.40167,0.4648760330578512,False
1998KJ17,23.5,0.05,0.12,2093-06-22,29288.9020017339,0.11457,0.02511,3.6906678405430697,2461000.5,0.481,1.985286,9.1,75.9247,1021.7,1.031,164.2033,2.939,2450955.7548061167,300.45907,0.3523539199373592,False
1998KO3,19.9,0.28,0.6,2091-11-22,114090.17962026889,0.10184,0.08698,2.4996248395630225,2461000.5,0.775,2.629358,54.6,64.7849,1557.3,0.591,75.4438,4.667,2450892.3061194345,177.78573,0.2311693315353496,False
1998KY26,25.6,,,2039-05-24,16553.48491253815,0.10816,0.00297,5.1867092646975,2461000.5,0.2,1.228869,1.5,84.1821,497.6,0.983,210.0038,1.475,2460999.140744163,0.98343,0.7234726688102894,False
1998LE,20.5,0.21,0.5,2034-01-22,89449.5828131604,0.18023,0.06288,4.202557520418908,2461000.5,0.698,1.512747,9.1,237.4674,679.6,0.457,132.9989,2.569,2461221.390679444,242.98752,0.5297233666862861,False
1998MS2,20.4,0.22,0.5,2055-06-13,38826.49960562796,0.08151,0.0796,4.001945735821595,2461000.5,0.402,1.732266,19.2,268.33,832.8,1.036,320.387,2.429,2460939.577166748,26.33676,0.4322766570605187,False
1998MV5,24.1,0.04,0.09,2035-06-25,41323.60021364028,0.10079,0.01342,5.20215733963049,2461000.5,0.185,1.20447,21.2,269.4349,482.8,0.982,313.641,1.427,2450941.8945421446,299.17165,0.7456503728251864,False
1998OP4,23.7,,,-,36796.02944409324,,0.03454,3.392423473918025,2461000.5,0.536,2.250579,13.4,126.639,1233.2,1.044,167.6636,3.457,2451013.0672962707,33.44213,0.2919234511839118,
1998QA105,21.5,,,-,26792.313869312857,,0.28299,3.132510343435377,2461000.5,0.532,2.703964,8.3,336.8121,1624.1,1.267,40.0608,4.141,2460830.5266209706,37.35194,0.2216612277569115,
1998QA62,19.3,0.4,0.8,2060-03-26,77897.18152083816,0.07095,0.01691,3.311023605144804,2461000.5,0.742,2.041899,24.8,180.78,1065.7,0.528,273.9641,3.556,2460697.289235153,102.42299,0.3378061368114854,False
1998QH1,20.5,0.21,0.5,2075-09-25,38539.9862371044,0.19991,0.1593,3.1867614239421207,2461000.5,0.556,2.534493,12.3,161.619,1473.8,1.126,216.5495,3.943,2461443.451528951,251.80093,0.2442665219161351,False
1998QH28,22.7,,,-,31418.95977768578,,0.19717,2.995244162457519,2461000.5,0.585,2.844175,13.6,328.3104,1752.0,1.179,325.8402,4.509,2451008.5732482024,255.08896,0.2054794520547945,
1998QQ,18.6,0.5,1.1,2034-08-06,121058.44196104656,0.17451,0.17374,4.752876765699333,2461000.5,0.685,1.243316,37.2,325.285,506.4,0.392,220.6091,2.094,2461083.541213216,300.96285,0.7109004739336493,False
1998QV3,20.5,0.2,0.2,2065-09-13,63847.74637167804,0.18121,0.16293,3.358754599387268,2461000.5,0.51,2.317133,14.2,332.6961,1288.3,1.135,33.6708,3.499,2461384.5910318964,252.19613,0.2794380190949313,False
1998SD9,24.0,0.04,0.09,2028-08-25,93172.89014237052,0.06009,0.00859,8.041752416889558,2461000.5,0.504,0.702488,3.0,165.7457,215.1,0.348,7.7047,1.057,2461076.3402885445,233.0463,1.6736401673640169,False
1998SE35,19.2,,,-,30602.94933467448,,0.2536,2.913705032028409,2461000.5,0.6,2.997859,14.1,330.8221,1895.9,1.198,47.4797,4.798,2460641.3674086686,68.19337,0.1898834326704994,
1998SH2,20.9,0.3,0.3,2052-09-08,78908.69432854044,0.06954,0.0192,2.9128895102888706,2461000.5,0.714,2.743081,2.4,6.077,1659.4,0.785,268.7172,4.701,2460877.8837086014,26.60078,0.2169458840544775,False
1998SS4,22.0,0.11,0.24,2046-09-13,27613.43089262834,0.12383,0.10912,3.409567184871444,2461000.5,0.51,2.274266,9.6,180.7027,1252.7,1.113,174.6966,3.435,2461098.290634823,333.21765,0.2873792607966791,False
1998SU4,21.3,0.15,0.3,2030-09-07,94290.76420548264,0.13356,0.01944,5.23730425721757,2461000.5,0.58,1.147907,23.1,350.555,449.2,0.482,241.8817,1.814,2460893.494774853,85.75293,0.8014247551202137,False
1998SY14,20.7,0.2,0.4,2056-01-20,78043.12417805652,0.17884,0.0085,2.9283867976322258,2461000.5,0.67,2.837313,3.5,39.641,1745.7,0.938,22.5453,4.737,2461613.903500191,233.34363,0.2062210001718508,False
1998SZ14,19.4,,,-,,,0.25779,3.3504241993372217,2461000.5,0.484,2.401162,5.6,79.6833,1359.0,1.24,271.9597,3.562,2460603.973089442,105.03753,0.2649006622516556,
1998TT3,18.8,,,-,54767.48513191884,,0.25392,3.3132598300369542,2461000.5,0.503,2.324015,21.6,27.2888,1294.1,1.155,48.8458,3.493,2461518.2184007624,215.9746,0.2781856116219767,
1998UM1,23.4,0.06,0.12,2049-09-26,28205.3519745228,0.01538,0.015,4.105423161532292,2461000.5,0.401,1.699397,4.9,3.2458,809.2,1.018,1.3433,2.381,2460811.66397096,84.01303,0.4448838358872961,False
1998UR,23.0,0.07,0.15,2051-10-17,40787.65301991372,0.18447,0.10479,4.14738453354636,2461000.5,0.379,1.650633,17.4,28.0529,774.6,1.026,312.1967,2.276,2451062.508568993,297.6822,0.4647560030983733,False
1998US18,21.0,0.17,0.4,2040-10-19,46252.71388531044,0.07865,0.03154,3.0239020015619515,2461000.5,0.678,2.603349,9.7,207.1034,1534.3,0.84,115.5306,4.367,2460282.895480537,168.38011,0.2346346868278694,False
1998UY24,21.7,0.12,0.27,2041-10-15,32762.97961014284,0.12654,0.12659,4.74372056386768,2461000.5,0.321,1.363751,16.9,38.7056,581.7,0.926,275.7159,1.802,2451040.562575756,42.49799,0.6188757091284166,False
1998VD32,22.5,0.08,0.19,2027-11-18,36410.7419474058,0.18111,0.03005,5.586875599726331,2461000.5,0.316,1.104088,2.0,1.1187,423.7,0.755,152.0174,1.453,2460941.690633,49.96263,0.8496577767288176,False
1998VE31,20.9,0.18,0.4,2026-11-09,46606.33606812696,0.1785,0.12401,5.77175713692076,2461000.5,0.19,1.050645,21.9,57.2867,393.4,0.851,219.5077,1.25,2460839.408749742,147.43206,0.9150991357397052,False
1998VP,19.0,,,-,79392.96822948336,,0.31339,3.3991940104672667,2461000.5,0.481,1.973449,45.1,226.2253,1012.6,1.023,103.0413,2.924,2461170.919702447,299.41221,0.3555204424254394,
1998VS,22.2,0.1,0.22,2046-11-17,21196.34522738233,0.17715,0.04057,4.70791659859015,2461000.5,0.277,1.399554,6.8,230.2711,604.8,1.011,148.1434,1.788,2460779.2630185704,131.69752,0.5952380952380952,False
1998WA2,19.8,,,-,51506.062421202725,,0.23156,3.00984157513508,2461000.5,0.589,2.688247,22.4,234.041,1609.9,1.105,126.5756,4.272,2460723.3809812185,61.96788,0.2236163736878066,
1998WB2,21.8,0.15,0.15,2035-03-16,38422.9258471458,0.09978,0.01465,3.634293633681131,2461000.5,0.587,1.972469,2.4,52.123,1011.8,0.815,78.8493,3.13,2461334.1851016725,241.27955,0.3558015418066811,False
1998WL4,19.5,,,-,125848.70190358847,,0.21596,3.6715926530576777,2461000.5,0.733,1.76659,23.7,225.837,857.6,0.472,41.9192,3.061,2461294.233527238,236.7026,0.419776119402985,
1998WR5,18.7,,,-,51438.00520667772,,0.42178,3.08471309738906,2461000.5,0.513,2.57422,28.3,256.5051,1508.6,1.253,118.6368,3.896,2461662.792051782,201.95345,0.2386318440938618,
1998WY1,22.1,0.1,0.22,2037-11-17,50997.99570827509,0.07323,0.06852,4.167546255287757,2461000.5,0.357,1.615157,24.7,238.5824,749.8,1.039,158.1631,2.192,2451116.1493493947,65.85232,0.480128034142438,False
1998XD12,20.7,0.19,0.4,2033-05-20,81081.57786474384,0.19654,0.03121,4.506909391480835,2461000.5,0.624,1.399346,13.5,259.6394,604.6,0.526,69.5577,2.272,2451101.447064707,141.67202,0.5954349983460139,False
1998XN17,22.8,0.07,0.17,2034-11-25,79963.80713629235,0.10806,0.05574,6.13762430337238,2461000.5,0.211,0.982867,7.2,85.8562,355.9,0.776,226.6758,1.19,2461009.4884062083,350.90848,1.0115200899128969,False
1999AF4,18.5,0.5,1.2,2041-12-30,64505.3088925584,0.15209,0.15144,2.9722870016254648,2461000.5,0.608,2.850035,12.7,294.2195,1757.4,1.118,155.7579,4.582,2461617.7474766173,233.55893,0.2048480710139979,False
1999AM10,21.3,0.15,0.3,2040-01-11,42274.23672159576,0.15239,0.05966,3.896853484010128,2461000.5,0.513,1.797616,6.8,76.3889,880.3,0.875,95.7563,2.721,2451237.265071425,31.76006,0.4089514938089288,False
1999AO10,24.1,0.04,0.09,2026-02-12,27999.53400917084,0.02681,0.0213,6.5368100045719855,2461000.5,0.111,0.912096,2.6,313.0434,318.2,0.811,7.9605,1.013,2460922.225944682,88.45754,1.1313639220615963,False
1999BL33,21.8,,,-,22131.0405871186,,0.27886,3.1327855710985,2461000.5,0.531,2.693506,10.0,120.8253,1614.6,1.263,0.0297,4.124,2451197.002922738,27.76976,0.2229654403567447,
1999BO,19.1,,,-,41049.46493900964,,0.262,3.5275260355282247,2461000.5,0.449,2.121158,19.7,292.9576,1128.4,1.17,132.0821,3.073,2461301.036078143,263.76939,0.3190358029067706,
1999CG9,25.5,0.021,0.05,2034-02-06,32347.26991257869,0.04565,0.02335,5.798652397446445,2461000.5,0.064,1.061872,5.2,138.5016,399.7,0.994,315.5473,1.129,2461157.586998083,218.49264,0.9006755066299725,False
1999CQ2,27.2,0.009,0.021,2034-01-14,27195.60679469208,0.05275,0.00449,4.456107419927681,2461000.5,0.381,1.501984,3.7,317.9607,672.4,0.93,138.3201,2.074,2451182.5261094286,214.29753,0.5353955978584176,False
1999DB2,19.1,,,-,26504.05483901833,,0.24812,2.9014384786921,2461000.5,0.617,3.015513,11.1,321.3424,1912.7,1.154,258.7113,4.877,2460889.0765776723,20.97195,0.1882156114393266,
1999DJ3,20.8,,,-,,,0.2722,4.037983500771253,2461000.5,0.324,1.677604,29.4,329.2433,793.7,1.133,241.3603,2.222,2460822.901648307,80.55798,0.4535718785435302,
1999DY2,22.1,0.1,0.23,2063-03-14,21981.91219649046,0.17304,0.10413,3.65188226410224,2461000.5,0.465,2.037916,7.6,352.1391,1062.6,1.09,161.3798,2.986,2460807.7339876844,65.89225,0.3387916431394692,False
1999EF5,19.6,,,-,62140.02009766236,,0.2774,3.34975804319677,2461000.5,0.427,2.228349,31.0,6.1419,1215.0,1.276,179.0913,3.18,2460982.8709763885,5.22344,0.2962962962962963,
1999EO3,19.0,,,-,44849.55463365744,,0.20496,2.986888657128467,2461000.5,0.606,2.679068,23.8,159.6316,1601.7,1.056,304.5501,4.303,2460818.997218132,40.79544,0.2247611912343135,
1999FN19,22.5,0.07,0.07,2037-06-20,72113.55760064808,0.12622,0.0156,4.19339845462252,2461000.5,0.392,1.64734,2.3,190.0626,772.3,1.002,36.824,2.293,2461335.999754864,203.60549,0.4661401009970219,False
1999FP19,20.2,0.24,0.5,2045-08-02,58111.69025038248,0.19272,0.16042,3.686813993666524,2461000.5,0.519,1.943044,15.1,346.6037,989.3,0.935,274.4813,2.952,2461227.210475181,277.50039,0.3638936621853836,False
1999FQ10,23.5,0.05,0.12,2045-02-12,27748.399929606898,0.00722,0.00913,3.746756733539064,2461000.5,0.488,1.941244,1.1,163.0933,987.9,0.993,335.5616,2.889,2451223.092797721,322.64276,0.3644093531733981,False
1999FR19,22.4,0.09,0.2,2047-03-26,51131.62280263536,0.17255,0.03391,4.2633605029061625,2461000.5,0.477,1.54515,20.8,0.4921,701.5,0.808,107.0025,2.282,2461030.8590001506,344.42115,0.5131860299358517,False
1999FR5,23.5,0.05,0.12,2052-01-03,28351.27222357158,0.15752,0.00693,3.853992241538248,2461000.5,0.479,1.852689,3.9,355.7451,921.1,0.966,149.0652,2.74,2461357.396672977,220.1075,0.3908370426663771,False
1999GL4,19.7,0.3,0.7,2032-11-23,82394.529853365,0.11397,0.02603,3.464841569871896,2461000.5,0.603,2.119954,7.3,178.3595,1127.4,0.842,293.9229,3.398,2461339.6568754986,251.10012,0.3193187865886109,False
1999GR6,20.0,,,-,76534.25928025357,,0.17187,4.451605217809901,2461000.5,0.761,1.342506,29.2,180.8338,568.2,0.321,146.6073,2.364,2460996.5030186176,2.53259,0.6335797254487856,
1999HC1,24.9,0.028,0.06,2028-05-08,25760.61888350087,0.14621,0.01282,3.636795800959488,2461000.5,0.503,2.036124,1.3,28.4779,1061.2,1.011,159.1905,3.061,2451269.935301116,64.56102,0.3392385978137957,False
1999HX1,19.9,,,-,24207.68205187852,,0.18829,3.1751736106881943,2461000.5,0.559,2.575177,8.3,165.7988,1509.4,1.137,105.238,4.014,2460368.179701616,150.81012,0.2385053663707433,
1999JZ10,22.0,0.1,0.23,2031-11-26,100058.80429740636,0.19957,0.0376,4.77797221534014,2461000.5,0.473,1.306292,25.9,54.4846,545.3,0.688,80.0259,1.924,2461065.32414792,316.69545,0.6601870529983496,False
1999KL1,21.6,0.13,0.29,2060-03-01,36512.21917694124,0.17213,0.08365,4.047993585232897,2461000.5,0.428,1.721304,9.7,64.5637,824.9,0.985,117.1781,2.458,2451269.2154327594,288.37617,0.4364165353376167,False
1999LD30,20.3,0.24,0.5,2087-08-03,56963.51339557716,0.12836,0.0624,2.9568878889465875,2461000.5,0.63,2.866058,8.1,85.5019,1772.3,1.059,206.8054,4.673,2460225.7807545257,157.3697,0.2031258816227501,False
1999LD6,22.3,0.09,0.21,2043-06-27,42695.32595183532,0.15345,0.08298,3.8776566547031743,2461000.5,0.489,1.814903,11.3,236.7091,893.1,0.927,72.2486,2.703,2451380.100052262,277.45908,0.4030903594222371,False
1999LE6,20.8,0.19,0.4,2039-06-29,54530.14010189544,0.15422,0.08406,4.111263553625812,2461000.5,0.33,1.643288,27.1,92.285,769.4,1.101,185.4048,2.186,2461361.4847516576,191.1028,0.4678970626462178,False
1999LJ1,22.3,0.09,0.21,2063-05-19,30298.859225007123,0.13494,0.10839,4.268812945319273,2461000.5,0.308,1.621057,4.6,243.743,753.9,1.121,351.5231,2.121,2461116.235646155,303.72011,0.477516912057302,False
1999LT1,17.8,,,-,91027.71834199272,,0.08519,2.586351727080588,2461000.5,0.642,2.996372,43.1,66.9296,1894.5,1.073,158.7331,4.92,2460770.882876395,43.63296,0.1900237529691211,
1999LV7,19.1,,,-,66072.74060022732,,0.17017,3.3487789169935143,2461000.5,0.471,2.205972,30.5,87.3092,1196.7,1.167,159.1533,3.245,2460923.5747248046,23.14052,0.3008272750062672,
1999LW1,20.5,0.21,0.5,2029-01-23,127697.51075473837,0.12096,0.09987,4.382537147209873,2461000.5,0.682,1.43801,6.7,204.5167,629.9,0.457,168.6335,2.419,2460852.719060438,84.46556,0.5715192887759962,False
1999LX1,20.9,0.18,0.4,2058-06-02,86098.87109113057,0.12275,0.0252,5.085316495507868,2461000.5,0.726,1.163301,19.8,251.7827,458.3,0.319,133.5618,2.008,2451390.086476791,349.43252,0.7855116735762601,False
1999OQ3,20.2,0.25,0.6,2046-08-13,32598.707882721803,0.0854,0.08426,3.82305723684844,2461000.5,0.424,1.896794,9.2,147.9116,954.2,1.092,164.4848,2.701,2460928.824383964,27.04243,0.3772793963529658,False
1999PS3,21.9,0.11,0.25,2034-09-29,70976.87231998608,0.15273,0.07132,3.6394972042575047,2461000.5,0.488,2.042351,3.6,256.784,1066.1,1.046,79.4661,3.039,2461014.443941521,355.13715,0.3376793921770941,False
1999RA32,21.3,0.14,0.3,2050-02-09,25306.37436801805,0.13471,0.05843,5.940761804248655,2461000.5,0.09,1.02622,10.5,167.5761,379.7,0.933,8.9271,1.119,2461134.892127552,232.58597,0.948116934421912,False
1999RB32,20.1,0.3,0.3,2052-09-06,62132.67231907104,0.06765,0.05869,3.2615017168419067,2461000.5,0.57,2.430788,3.8,328.1437,1384.3,1.044,42.3259,3.818,2461153.423238306,320.22987,0.2600592357148017,False
1999RJ33,22.7,0.08,0.17,2044-08-29,42317.7940814346,0.15218,0.02629,5.061937243165451,2461000.5,0.189,1.254761,18.5,343.1151,513.4,1.017,27.2956,1.492,2451455.1846741377,214.52654,0.7012076353720297,False
1999RK33,22.5,0.09,0.19,2046-09-03,28866.324479222523,0.15332,0.05431,3.2179364999898104,2461000.5,0.582,2.482986,2.8,317.211,1429.1,1.038,56.4246,3.928,2451454.580366852,247.48045,0.2519067944860402,False
1999RN28,21.1,0.16,0.4,2082-08-26,37635.50681725536,0.17309,0.17689,3.536301280982932,2461000.5,0.454,2.16885,8.8,345.9776,1166.7,1.183,342.7927,3.154,2460743.0325956247,79.44782,0.3085626124967858,False
1999RO36,20.7,,,-,16924.026181545214,,0.22365,3.3640520325818857,2461000.5,0.486,2.383893,3.3,168.0691,1344.4,1.226,197.8601,3.542,2460867.0580297043,36.39366,0.2677774471883368,
1999RP28,22.6,0.08,0.18,2042-08-28,17541.642301345404,0.13495,0.13091,4.547954489114533,2461000.5,0.24,1.475263,9.2,174.1107,654.5,1.121,144.9718,1.83,2461217.714866033,240.52164,0.5500381970970206,False
1999RQ28,20.6,0.2,0.5,2028-10-31,39685.84919137332,0.13937,0.12357,3.821255513923668,2461000.5,0.424,1.908715,3.6,124.1678,963.2,1.099,269.9703,2.718,2461112.575165816,318.11078,0.3737541528239202,False
1999RU2,20.3,,,-,14875.976431442774,,0.23839,3.0657161524494505,2461000.5,0.56,2.806019,5.5,179.4191,1716.9,1.233,202.9731,4.379,2461796.493882294,193.04142,0.2096802376376026,
1999RZ31,24.1,0.04,0.09,2057-10-12,28061.52578673228,0.10049,0.02074,3.1372626091755813,2461000.5,0.602,2.584816,3.0,163.087,1517.9,1.03,180.0239,4.14,2451427.516350104,108.55357,0.2371697740299097,False
1999SE10,20.2,,,-,27783.826868874527,,0.23444,2.8419472804288795,2461000.5,0.619,3.222717,6.9,40.4459,2113.2,1.228,349.3993,5.217,2462018.223857584,186.61932,0.1703577512776831,
1999SF10,24.3,0.06,0.06,2025-12-10,18681.3849662266,0.02097,0.00383,5.0262693555737,2461000.5,0.254,1.279469,1.2,25.8163,528.6,0.955,27.9756,1.604,2460998.663505084,1.25082,0.681044267877412,False
1999SG10,20.6,,,-,70901.54407620827,,0.02892,4.344646352394202,2461000.5,0.613,1.453926,23.6,13.3685,640.3,0.562,103.4296,2.346,2461120.517170979,292.52635,0.5622364516632828,
1999SH10,22.7,0.08,0.17,2037-04-01,27665.26967288711,0.14937,0.00867,5.634720204629931,2461000.5,0.131,1.09872,9.6,178.4783,420.7,0.955,119.1231,1.243,2461054.893290012,313.45006,0.8557166627050155,False
1999SJ10,19.7,0.3,0.7,2043-03-08,63574.88398485768,0.18382,0.06733,3.331148351267567,2461000.5,0.709,2.138414,6.9,131.8154,1142.2,0.622,128.9759,3.655,2460508.554321371,155.05424,0.3151812292067938,False
1999TA5,20.9,,,-,,,0.23354,3.352962405085588,2461000.5,0.491,2.393048,4.2,296.8917,1352.2,1.217,84.6311,3.569,2460948.328052568,13.89037,0.2662328057979589,
1999TD5,19.4,,,-,14169.649991774328,,0.17443,3.2748779274213087,2461000.5,0.532,2.462867,4.2,104.8623,1411.8,1.153,309.9735,3.773,2461387.283198192,261.36977,0.254993625159371,
1999TE5,20.5,0.21,0.5,2066-10-02,20217.495974105303,0.16772,0.15559,3.463612644967672,2461000.5,0.484,2.240278,6.6,12.4086,1224.8,1.157,355.2631,3.324,2461240.114159405,289.56904,0.2939255388634879,False
1999TJ10,21.0,,,-,35664.48232271568,,0.21937,4.09526777274194,2461000.5,0.366,1.679885,19.4,193.2232,795.3,1.066,249.54,2.294,2461086.7335806005,320.96437,0.4526593738211996,
1999TM12,21.8,,,-,69545.02222457316,,0.0668,4.120835190968952,2461000.5,0.466,1.595661,28.7,198.9055,736.2,0.852,250.8242,2.34,2451517.090181687,319.29383,0.4889975550122249,
1999TM13,24.0,0.04,0.1,2034-10-10,23211.790202919456,0.06501,0.07645,3.240751637585612,2461000.5,0.566,2.470805,3.0,190.0405,1418.6,1.073,192.615,3.868,2451465.552837157,254.86253,0.253771323840406,False
1999TN13,23.7,0.05,0.11,2054-11-08,37644.90238146924,0.07957,0.02474,3.6096416855629534,2461000.5,0.526,2.031699,9.5,202.178,1057.8,0.962,217.3024,3.101,2461020.6065384857,353.17621,0.3403289846851957,False
1999TO13,21.6,,,-,57524.02959550212,,0.02956,4.223864688344141,2461000.5,0.435,1.580261,20.3,14.8914,725.6,0.893,302.3972,2.267,2451414.0316386223,72.97578,0.496141124586549,
1999TT16,19.8,0.29,0.6,2034-11-10,46112.97966975936,0.03404,0.02286,3.37614625651878,2461000.5,0.663,2.156789,2.0,327.1057,1156.9,0.726,149.6539,3.587,2460845.908926961,48.10355,0.311176419742415,False
1999TU16,22.0,,,-,37665.72277644888,,0.30042,3.174359928539901,2461000.5,0.497,2.580308,18.7,202.3765,1513.9,1.298,175.9233,3.863,2451459.5845647147,111.58664,0.2377964198427901,
1999TV16,23.7,0.05,0.11,2109-01-26,62734.13330903136,0.15126,0.01412,4.301693717950228,2461000.5,0.41,1.578264,1.1,344.9648,724.2,0.931,86.0675,2.225,2460925.101192652,37.90972,0.4971002485501242,False
1999TW16,19.5,0.3,0.8,2033-10-30,124722.0749933892,0.17255,0.15246,4.237571690190401,2461000.5,0.735,1.424063,34.7,28.1619,620.7,0.378,134.8248,2.47,2460846.7811432085,89.15327,0.5799903334944417,False
1999TY2,23.3,0.08,0.08,2064-10-06,85080.32771488308,0.02715,0.02608,3.2576693000798222,2461000.5,0.608,2.270245,23.0,191.6705,1249.4,0.89,230.8895,3.651,2461492.478722987,218.29011,0.2881383063870658,False
1999UQ,21.8,0.12,0.26,2031-04-22,55561.45200334452,0.0944,0.07059,5.588761727858782,2461000.5,0.016,1.094106,24.8,211.2958,418.0,1.077,7.5698,1.111,2460893.260761145,92.35723,0.861244019138756,False
1999UR,21.6,0.13,0.29,2033-10-27,39426.66986015376,0.02451,0.01414,3.7824866249462863,2461000.5,0.504,1.898431,3.6,50.6417,955.4,0.942,18.2608,2.855,2461058.482784723,338.15203,0.3768055264810551,False
1999UZ5,21.8,0.11,0.25,2036-10-26,92667.58235625023,0.09112,0.02063,2.850904796447309,2461000.5,0.805,2.563521,9.7,217.1816,1499.2,0.5,76.2088,4.627,2451428.9327627467,135.49888,0.2401280683030949,False
1999VK12,23.1,0.06,0.14,2033-05-21,89083.82450080656,0.18404,0.02387,3.151464394093197,2461000.5,0.777,2.223983,9.6,45.3539,1211.4,0.495,106.5532,3.953,2451543.604905048,279.50069,0.2971768202080238,False
1999VN11,20.2,0.24,0.5,2068-11-10,63697.64970132108,0.19151,0.1708,3.111310649217691,2461000.5,0.547,2.446211,31.0,44.2639,1397.5,1.108,32.6601,3.785,2451524.8863594867,282.72967,0.257602862254025,False
1999VR6,20.9,0.18,0.4,2071-05-26,65039.6542004298,0.10192,0.05065,3.2128063032431378,2461000.5,0.761,2.185202,8.6,211.5702,1179.9,0.522,295.5952,3.849,2461026.385498876,352.10189,0.3051106025934401,False
1999VT,19.7,0.3,0.7,2033-10-08,47339.03104200936,0.15068,0.1508,3.64853447456116,2461000.5,0.486,2.002911,14.4,38.0089,1035.4,1.029,297.7828,2.977,2460740.77742238,90.307,0.3476917133474985,False
1999VU25,23.8,0.05,0.1,2082-10-14,23092.91360528152,0.09979,0.07045,3.670460317686412,2461000.5,0.475,2.016309,6.0,229.6547,1045.8,1.058,161.4475,2.975,2451477.1452505263,40.9491,0.3442340791738382,False
1999VV25,25.6,0.02,0.04,2092-12-29,32872.7549568924,0.11631,0.02279,3.416158949226636,2461000.5,0.556,2.2258,7.4,231.6605,1212.9,0.987,204.8685,3.464,2451516.8859686228,292.86954,0.2968093000247341,False
1999VW25,25.1,0.025,0.06,2025-12-04,35448.69916384092,0.13348,0.04319,6.424256042713667,2461000.5,0.112,0.929412,10.8,232.1066,327.3,0.826,354.5841,1.033,2461142.0119632804,204.11455,1.0999083409715855,False
1999VX15,18.7,,,-,,,0.30546,2.917852246176268,2461000.5,0.605,2.99398,12.4,222.0827,1892.2,1.184,268.6697,4.804,2461139.098994017,333.63117,0.1902547299439805,
1999VX25,26.4,0.014,0.03,2028-09-15,57138.55971034896,0.04878,0.00593,6.607187430894464,2461000.5,0.139,0.89972,1.7,55.3073,311.7,0.775,151.7584,1.025,2460979.7035555667,24.01873,1.1549566891241578,False
1999XK136,20.4,0.811,0.811,2043-12-22,86629.13271097127,0.19421,0.01128,3.144777165421376,2461000.5,0.703,2.383664,2.7,63.3232,1344.2,0.708,302.9073,4.059,2460873.395120428,34.04071,0.2678172890938848,False
1999XN141,22.5,0.09,0.19,2084-12-04,39922.42343820876,0.14357,0.04357,3.1407404384552056,2461000.5,0.623,2.525268,7.7,85.5476,1465.7,0.952,312.1797,4.099,2451489.128070855,168.3793,0.2456164290100293,False
1999XS35,17.4,,,-,63914.32372362732,,9e-05,1.411966330526956,2461000.5,0.947,17.816446,19.6,48.816,27468.2,0.939,333.265,34.694,2451486.088211554,124.69736,0.0131060644672748,
1999YD,21.4,0.2,0.2,2058-01-03,26568.627588096337,0.14417,0.0261,3.2199742327093044,2461000.5,0.593,2.463728,1.4,9.343,1412.5,1.002,61.8742,3.925,2461400.726480576,257.7371,0.2548672566371681,False
2000AA6,22.3,0.3,0.3,2045-08-02,61409.40726907584,0.08608,0.00766,4.894988294805109,2461000.5,0.519,1.286349,2.0,279.6882,532.9,0.618,287.7724,1.954,2461209.5309237964,218.78658,0.6755488834678176,False
2000AB6,22.3,0.09,0.21,2042-12-26,72465.37092562031,0.02404,0.01528,3.940982967641285,2461000.5,0.476,1.786698,3.8,282.7806,872.3,0.936,133.7005,2.638,2461109.544895298,314.99792,0.4127020520463144,False
2000AE205,23.2,0.08,0.08,2043-10-20,14069.512693522116,0.18591,0.03006,5.402701169318289,2461000.5,0.138,1.164592,4.5,271.5945,459.0,1.004,150.3416,1.325,2461142.425734132,248.69766,0.7843137254901961,False
2000AG205,19.8,,,-,58237.6455992484,,0.2703,3.345685491690221,2461000.5,0.519,2.2938,18.4,269.574,1268.9,1.102,249.3359,3.485,2460501.9444542574,141.44392,0.2837103002600677,
2000AG6,25.6,0.03,0.03,2040-01-05,67743.43091572248,0.10321,0.0041,5.985764262002906,2461000.5,0.189,1.016716,2.4,282.8133,374.5,0.824,276.8436,1.209,2460988.432436725,11.57482,0.9612817089452604,False
2000AH205,22.7,0.1,0.1,2036-06-26,26669.34775582244,0.11999,0.01545,5.391071447810191,2461000.5,0.407,1.147772,2.6,247.8895,449.1,0.681,118.1128,1.615,2460879.834614025,96.71714,0.8016032064128256,False
2000BH19,19.7,0.3,0.7,2026-01-18,20872.43299091704,0.175,0.12332,3.678750027587704,2461000.5,0.454,2.027467,1.3,349.3169,1054.5,1.107,134.852,2.948,2461058.387779061,340.23667,0.3413940256045519,False
2000BK19,22.4,0.09,0.2,2101-03-05,70880.22389747412,0.17823,0.03031,3.2291882128304703,2461000.5,0.587,2.40403,14.7,310.3319,1361.5,0.994,201.4596,3.814,2461170.2062062235,315.1263,0.2644142489900845,False
2000BO19,24.5,0.03,0.07,2029-02-08,74597.5904973372,0.11422,0.00497,5.175336831784692,2461000.5,0.386,1.202778,16.9,310.0574,481.8,0.739,272.3584,1.667,2451638.924677103,155.66868,0.7471980074719801,False
2000CK59,24.3,0.04,0.08,2061-02-20,11902.13204781834,0.14687,0.0376,4.531894084575083,2461000.5,0.311,1.476567,5.7,139.1929,655.4,1.017,341.5064,1.936,2460750.363904239,137.40446,0.549282880683552,False
2000CL33,18.5,0.5,1.2,2030-12-18,46379.08793906496,0.19083,0.1627,3.239279812666424,2461000.5,0.554,2.471437,8.9,297.7283,1419.1,1.101,127.9417,3.841,2461422.801905903,252.87189,0.2536819110703967,False
2000CM33,21.1,0.16,0.4,2035-02-02,30562.640148303435,0.14251,0.04266,4.884863797642358,2461000.5,0.272,1.322694,11.6,132.8157,555.6,0.963,50.2644,1.683,2461065.077243114,318.15975,0.6479481641468682,False
2000CN33,19.5,0.81,0.81,2092-01-30,44370.6578768664,0.10438,0.0922,3.091456808397152,2461000.5,0.587,2.6007,17.7,129.5705,1531.9,1.074,351.4516,4.127,2460750.4372008103,58.76486,0.235002284744435,False
2000CO33,21.5,0.14,0.3,2032-02-01,45606.23300832336,0.06827,0.01513,3.280205276769052,2461000.5,0.569,2.327433,18.3,319.5104,1296.9,1.002,179.2357,3.653,2451580.0401384905,90.73018,0.2775850104094379,False
2000CP101,19.8,0.29,0.7,2026-02-03,89510.94187936379,0.11186,0.04395,3.8346511341470086,2461000.5,0.619,1.77463,10.4,160.1884,863.5,0.675,247.9644,2.874,2461026.185627483,349.2914,0.4169079328314997,False
2000DL8,19.1,0.4,0.9,2026-01-10,56910.8506198464,0.13605,0.09387,3.388937223545732,2461000.5,0.61,2.193877,8.8,61.8235,1186.9,0.855,354.1581,3.532,2461016.8391772094,355.04417,0.3033111466846406,False
2000DN1,19.9,0.28,0.6,2053-06-01,74652.6430281654,0.10732,0.02186,2.9025570353108296,2461000.5,0.681,2.842718,8.0,41.1506,1750.6,0.907,148.1106,4.778,2460582.7460209653,85.90612,0.2056437792756769,False
2000DO8,25.0,0.04,0.04,2035-03-06,36294.80221674468,0.01731,0.00373,3.189900487512648,2461000.5,0.619,2.468641,0.3,94.9668,1416.7,0.942,96.3101,3.996,2461573.2968387306,212.8665,0.2541116679607538,False
2000EB14,23.4,0.09,0.09,2028-03-07,52875.96481708272,0.14799,0.03057,6.516912216840975,2461000.5,0.496,0.895509,11.6,162.785,309.5,0.452,139.6464,1.339,2460970.115860074,35.33824,1.1631663974151858,False
2000EC104,21.6,0.13,0.28,2088-03-13,62400.39557624748,0.15154,0.13497,3.8448957347192194,2461000.5,0.37,1.781637,31.8,172.8869,868.6,1.123,346.7028,2.441,2451600.327353318,296.65959,0.4144600506562284,False
2000EM26,22.5,0.08,0.19,2031-02-18,64138.27117060512,0.03106,0.01845,7.067118651902343,2461000.5,0.467,0.817233,3.8,344.9107,269.8,0.436,24.4192,1.199,2460955.1051277723,60.5609,1.3343217197924389,False
2000EU70,18.8,0.5,1.0,2033-02-20,84048.62852263068,0.08793,0.03687,3.164540109759749,2461000.5,0.767,2.215761,13.0,165.2482,1204.7,0.515,254.184,3.916,2461191.660334164,302.87615,0.2988295841288287,False
2000EY106,19.5,,,-,,,0.18554,3.87444130695506,2461000.5,0.455,1.691537,38.2,359.7497,803.6,0.923,102.6641,2.46,2461186.45062453,276.69339,0.4479840716774514,
2000EZ106,20.7,0.2,0.4,2042-03-20,108195.11534413043,0.09713,0.06335,6.188556441456488,2461000.5,0.446,0.92755,40.1,358.4527,326.3,0.514,314.0529,1.341,2451701.1401444315,181.30109,1.1032791909285933,False
2000FP10,20.9,0.38,0.38,2064-03-23,54579.83900669496,0.14818,0.10598,4.548812011112184,2461000.5,0.238,1.440663,23.6,5.063,631.6,1.098,165.4648,1.783,2461091.2656954853,308.26528,0.5699810006333123,False
2000FX13,20.0,,,-,8631.761650086852,,0.30659,3.945018051012732,2461000.5,0.337,1.824372,11.5,40.4235,900.1,1.209,98.0421,2.439,2460567.6277980483,173.13848,0.3999555604932785,
2000GB2,18.7,0.5,1.1,2027-01-19,41952.32509279068,0.1895,0.10697,3.204863480491005,2461000.5,0.595,2.471525,7.1,187.45,1419.2,1.0,254.5474,3.943,2461400.517361657,258.53056,0.2536640360766629,False
2000GC147,20.0,,,-,15260.712075929196,,0.0984,3.026396073103263,2461000.5,0.613,2.77903,2.3,318.7795,1692.1,1.077,127.1224,4.481,2461732.303876352,204.31064,0.2127533833697772,
2000GT127,22.2,,,-,29885.77425540561,,0.30503,3.30549808121586,2461000.5,0.469,2.43813,14.4,16.8221,1390.5,1.294,206.9428,3.582,2461380.6365983463,261.58571,0.2588996763754045,
2000GV127,19.1,1.18,1.18,2091-04-03,46778.162445927,0.11219,0.08523,2.939451807900417,2461000.5,0.617,2.838624,17.9,197.0912,1746.9,1.088,2.5548,4.59,2460360.837035056,131.82372,0.2060793405461102,False
2000GW127,19.4,0.4,0.4,2043-10-22,69026.16455502552,0.1945,0.09718,3.212538914994324,2461000.5,0.727,2.246807,6.6,127.1026,1230.1,0.613,332.8112,3.881,2461426.4053228283,235.35685,0.2926591334037883,False
2000HB24,23.9,0.08,0.08,2028-05-08,39939.262641279005,0.11075,0.0156,7.097967041141085,2461000.5,0.43,0.815147,2.7,55.0366,268.8,0.464,18.0206,1.166,2460995.087198689,7.24891,1.3392857142857142,False
2000HO40,22.3,0.09,0.21,2027-03-30,93757.86063153073,0.19155,0.03792,7.618827250891125,2461000.5,0.517,0.746214,5.8,29.9344,235.4,0.36,6.4685,1.132,2460964.12905962,55.61142,1.5293118096856415,False
2000HP40,24.0,0.04,0.09,2044-05-02,17290.18769682539,0.1185,0.07858,4.98405235352986,2461000.5,0.16,1.291226,14.1,218.9268,535.9,1.085,13.0322,1.498,2460786.4004890905,143.81906,0.6717671207314798,False
2000JF5,21.8,0.12,0.26,2047-06-16,52775.8713996282,0.15799,0.01745,3.5495416521863845,2461000.5,0.556,2.053135,13.6,57.4376,1074.5,0.912,218.2234,3.195,2451707.1285539777,235.07142,0.3350395532805956,False
2000JX8,26.1,0.016,0.04,2036-05-04,20232.49404286422,0.01964,0.01797,4.417478508217378,2461000.5,0.33,1.531112,5.9,41.687,692.0,1.026,189.4502,2.037,2451674.97898312,171.05572,0.5202312138728323,False
2000KA,21.7,0.12,0.28,2033-11-23,57375.40734553824,0.04312,0.00189,4.798287023650427,2461000.5,0.462,1.331952,6.7,62.4304,561.5,0.717,83.3063,1.947,2461171.5881057763,250.3039,0.641139804096171,False
2000KC,20.1,0.25,0.6,2098-06-07,25077.36417842744,0.18751,0.18111,3.4532148791836788,2461000.5,0.468,2.252609,10.6,75.0488,1234.9,1.198,180.4668,3.308,2461585.2684629955,189.52554,0.291521580694793,False
2000KE41,17.3,,,-,158977.95962034527,,0.17695,2.221414808558344,2461000.5,0.867,2.993192,50.3,64.7947,1891.5,0.397,56.9936,5.589,2461104.586314501,340.18948,0.190325138778747,
2000KL33,19.4,,,-,16951.01890262573,,0.1914,3.605145189456868,2461000.5,0.43,2.112944,6.9,134.0414,1121.8,1.205,160.561,3.021,2460722.576347388,89.18618,0.3209128186842575,
2000KP44,19.0,,,-,102581.130970233,,0.2386,3.427620662211231,2461000.5,0.751,1.911676,28.2,227.2212,965.4,0.475,135.296,3.348,2461421.153159532,203.1419,0.3729024238657551,
2000LD3,19.7,0.3,0.7,2064-05-23,109820.25607323671,0.17318,0.12713,4.175331653023917,2461000.5,0.742,1.440474,37.1,74.062,631.5,0.372,47.3693,2.509,2451642.812356285,294.67279,0.5700712589073634,False
2000LF3,21.6,0.13,0.28,2046-06-14,50235.568761269154,0.00746,0.00411,3.0370627146081217,2461000.5,0.655,2.596839,14.6,81.8779,1528.5,0.897,224.2289,4.297,2460874.6529090223,29.6401,0.2355250245338567,False
2000LG6,29.1,0.004,0.009,2029-02-11,27023.07486994067,0.13709,0.00115,6.507984921619689,2461000.5,0.111,0.917071,2.8,72.5136,320.8,0.816,8.1591,1.018,2460848.083126863,171.05907,1.1221945137157108,True
2000LK10,19.6,,,-,,,0.25877,3.610343651098269,2461000.5,0.408,2.126699,4.7,61.0393,1132.8,1.26,250.6595,2.993,2460863.912158021,43.40673,0.3177966101694915,
2000NQ11,19.6,,,-,13500.638435145744,,0.29787,3.69209803885778,2461000.5,0.368,2.053533,7.6,104.6864,1074.9,1.298,220.7455,2.809,2461456.703522498,207.20474,0.3349148758024002,
2000OH8,20.7,,,-,20936.80768776923,,0.1784,3.33337484382894,2461000.5,0.505,2.401585,5.9,287.2667,1359.4,1.19,23.58,3.613,2461299.2138846605,280.73072,0.2648227159040753,
2000OK8,20.3,0.23,0.5,2039-04-23,69888.70704670163,0.17498,0.13512,6.121107105693236,2461000.5,0.221,0.984566,10.0,304.5459,356.8,0.767,166.2835,1.202,2460830.439660267,171.56945,1.0089686098654709,False
2000PE3,20.5,0.21,0.5,2028-02-28,45588.4038145368,0.16637,0.09088,3.222196626056664,2461000.5,0.656,2.296789,17.5,315.3398,1271.4,0.791,276.1908,3.803,2460605.432364003,111.86492,0.2831524303916942,False
2000PF5,20.3,0.23,0.5,2051-08-23,16549.14517145179,0.11752,0.11064,2.810297378488128,2461000.5,0.658,3.170349,6.1,298.0807,2061.9,1.084,53.1124,5.257,2460149.242898104,148.62921,0.1745962461807071,False
2000PH8,24.2,0.04,0.09,2083-06-24,18662.007386122128,0.09711,0.07908,3.688537157875186,2461000.5,0.456,2.015164,3.0,289.8408,1044.9,1.096,348.3228,2.934,2451725.117912643,312.07806,0.3445305770887166,False
2000PN,22.9,0.07,0.16,2034-07-25,67697.99022004667,0.14885,0.01756,5.632414894014543,2461000.5,0.761,1.019891,22.7,128.6353,376.2,0.243,37.8784,1.796,2451702.996858526,259.61077,0.9569377990430622,False
2000PN8,22.0,0.11,0.24,2028-08-12,43340.19470599932,0.13128,0.07877,5.040145012403166,2461000.5,0.217,1.252594,22.4,142.7268,512.1,0.981,112.3501,1.525,2460916.092526483,59.343,0.7029876977152899,False
2000PQ27,20.0,,,-,13198.364106572628,,0.30006,3.5136452709813866,2461000.5,0.421,2.227328,7.3,321.1357,1214.2,1.289,44.3813,3.166,2461543.033613021,199.13761,0.2964915170482622,
2000PY5,21.2,0.15,0.3,2067-03-25,46787.93924249448,0.1924,0.04533,3.311132763900965,2461000.5,0.603,2.313136,3.8,147.2615,1285.0,0.919,94.8163,3.708,2460708.2016683705,81.24344,0.2801556420233463,False
2000QJ130,19.8,,,-,17450.195486314245,,0.24259,3.284524936498695,2461000.5,0.497,2.482777,7.5,162.2753,1428.9,1.25,187.4774,3.716,2460386.954129589,154.57685,0.2519420533277346,
2000QL130,20.3,,,-,,,0.22155,3.188352664005526,2461000.5,0.53,2.595474,8.9,165.0045,1527.3,1.221,148.7175,3.97,2460909.891843889,21.3573,0.2357100766057749,
2000QO130,20.7,,,-,16403.375334217715,,0.21656,3.4777026567530327,2461000.5,0.455,2.250067,5.9,343.051,1232.8,1.227,339.9128,3.273,2460398.290922333,175.83245,0.2920181700194679,
2000QS7,19.5,0.3,0.8,2044-08-13,63736.12228812911,0.1155,0.00653,3.013605010359144,2461000.5,0.667,2.67216,3.2,153.4022,1595.5,0.891,218.9365,4.454,2461423.719487342,264.50601,0.22563459730492,False
2000QV7,21.5,0.13,0.3,2037-02-10,74681.53948625724,0.14128,0.01694,4.570185691689589,2461000.5,0.523,1.408591,9.1,154.6979,610.6,0.672,79.6596,2.145,2460876.3627970573,73.1856,0.5895840157222404,False
2000QX69,24.6,0.03,0.07,2054-01-19,83593.04623360056,0.14884,0.00058,5.998362276983977,2461000.5,0.271,1.009894,4.6,150.0906,370.7,0.736,74.2451,1.284,2460973.7965935986,25.81212,0.9711356892365794,False
2000RD52,20.9,,,-,14353.61299442352,,0.21416,3.524139745412236,2461000.5,0.445,2.201968,4.9,308.9514,1193.5,1.223,24.7881,3.181,2461341.979238351,256.99652,0.3016338500209468,
2000RE52,22.3,0.149,0.149,2031-08-27,77848.39002356675,0.10398,0.03037,5.373212112099339,2461000.5,0.248,1.154442,18.5,344.1413,453.1,0.868,258.1888,1.441,2461216.7934406823,188.13438,0.7945265945707349,False
2000RF52,24.0,0.04,0.1,2082-10-08,40814.92926642996,0.14835,0.06363,3.3495906629259986,2461000.5,0.542,2.335934,5.0,344.599,1304.0,1.07,7.4626,3.602,2460927.8083647657,20.19586,0.2760736196319018,False
2000RJ12,22.0,0.1,0.23,2060-08-22,54174.90285732888,0.13292,0.11317,3.53595683746337,2461000.5,0.483,2.151744,7.1,317.9536,1152.9,1.113,25.832,3.19,2461020.020261175,353.97721,0.3122560499609679,False
2000RK12,21.9,0.11,0.24,2072-08-30,82258.45357803012,0.18771,0.06122,2.928805286428985,2461000.5,0.687,2.514959,31.7,160.9549,1456.8,0.787,252.0824,4.243,2451842.2549324348,101.34921,0.2471169686985173,False
2000RK60,21.6,0.13,0.28,2045-09-05,20099.63852012448,0.13843,0.12988,3.510946205389565,2461000.5,0.489,2.177456,6.6,196.812,1173.6,1.112,133.9656,3.243,2461172.906698189,307.40988,0.3067484662576687,False
2000RN12,20.2,0.25,0.5,2052-09-16,40282.63814371536,0.16441,0.13393,3.272823798329688,2461000.5,0.616,2.289546,16.9,337.4364,1265.4,0.879,80.6679,3.7,2460721.016380461,79.5127,0.2844950213371265,False
2000SB25,20.5,,,-,10468.37824232796,,0.23636,3.914085542393464,2461000.5,0.354,1.856263,6.2,309.2788,923.8,1.199,87.429,2.513,2461095.722874416,322.89043,0.3896947391210218,
2000SB45,24.9,0.027,0.06,2037-11-13,29598.782529596432,0.06087,0.00105,4.338647050222606,2461000.5,0.397,1.560104,3.7,195.4151,711.8,0.941,216.5977,2.18,2451853.73863185,306.39035,0.5057600449564484,True
2000SC241,20.6,,,-,50828.45060982636,,0.18921,3.176680959501528,2461000.5,0.524,2.498113,22.1,196.6684,1442.2,1.188,181.6814,3.808,2460463.7363109845,133.98987,0.2496186381916516,
2000SE8,23.2,0.06,0.14,2047-07-23,80139.81379520555,0.05012,0.00688,3.203372248174638,2461000.5,0.598,2.482454,0.7,99.0753,1428.6,0.997,234.3651,3.968,2460380.542356204,155.61528,0.251994960100798,False
2000SF8,20.5,0.21,0.5,2036-09-14,35906.35833118325,0.13876,0.08609,4.164029834235404,2461000.5,0.345,1.649107,17.4,351.2192,773.5,1.08,339.7979,2.218,2461068.819397811,328.20387,0.4654169360051713,False
2000SG344,24.9,0.027,0.06,2028-05-07,49313.94554108376,0.01958,0.00086,6.189148244617474,2461000.5,0.067,0.977398,0.1,191.7692,352.9,0.912,275.5612,1.043,2461083.185677469,275.66192,1.0201190138849534,True
2000SG8,17.7,0.8,1.7,2035-09-26,142866.66289682916,0.19345,0.18275,2.6544719008457256,2461000.5,0.899,2.473808,24.2,337.9405,1421.2,0.251,152.3003,4.697,2460370.068928135,159.69555,0.2533070644525753,False
2000SJ8,20.0,,,-,21926.94401371885,,0.22053,3.135244760024831,2461000.5,0.553,2.665559,7.3,226.9562,1589.6,1.192,116.0125,4.14,2461348.5172203016,281.18257,0.2264720684448918,
2000SL10,22.0,0.11,0.24,2029-05-14,29469.927819072924,0.01096,0.01075,4.759309403833584,2461000.5,0.339,1.371784,1.5,208.6765,586.8,0.907,78.6744,1.836,2461140.88430874,273.6981,0.6134969325153374,False
2000SM10,24.0,0.05,0.05,2046-02-01,39615.54322093596,0.10919,0.00873,4.076222435783605,2461000.5,0.541,1.665427,0.6,259.6707,785.0,0.765,177.6157,2.566,2461268.446694726,237.12489,0.4585987261146497,False
2000SN10,21.1,0.16,0.4,2059-09-13,51845.02590148344,0.11171,0.11343,3.2188824511260807,2461000.5,0.551,2.491912,11.8,353.2836,1436.8,1.119,353.2862,3.865,2460427.186911766,143.5743,0.2505567928730512,False
2000SR43,19.4,,,-,64305.68318105472,,0.39784,3.096531432680509,2461000.5,0.549,2.54476,25.9,345.0553,1482.8,1.147,79.492,3.943,2460780.8496434824,53.32931,0.2427839223091448,
2000SS43,24.8,0.029,0.06,2041-09-13,38712.82473967932,0.03092,0.02031,4.056181812613424,2461000.5,0.409,1.731048,4.1,6.8025,831.9,1.023,353.3522,2.439,2451810.140795654,17.41751,0.432744320230797,False
2000SU20,20.0,,,-,37462.5492520662,,0.17049,2.7755854283076973,2461000.5,0.631,3.179684,20.1,179.6491,2071.0,1.174,183.9115,5.186,2460145.450585794,148.60231,0.1738290680830516,
2000SZ162,27.3,0.009,0.02,2026-10-16,67857.12840472416,0.05056,0.00227,6.435135893170245,2461000.5,0.168,0.92891,0.9,12.5437,327.0,0.773,132.9299,1.085,2461095.741857799,255.12325,1.1009174311926606,True
2000SZ44,20.4,,,-,15725.47886619552,,0.24494,3.308548867482986,2461000.5,0.501,2.445697,5.7,128.2565,1397.0,1.221,251.4138,3.67,2461593.9581619417,207.07089,0.2576950608446671,
2000TE2,25.2,0.024,0.05,2041-09-12,23259.094874585066,0.18587,0.0393,4.918813589130247,2461000.5,0.214,1.320687,6.2,9.095,554.4,1.038,9.9959,1.603,2461251.613801508,197.12159,0.6493506493506493,False
2000TH1,23.0,,,-,65304.87219902952,,0.08044,3.347768357521197,2461000.5,0.54,2.312236,12.1,12.611,1284.2,1.063,335.8724,3.562,2460770.6826350773,64.42265,0.2803301666407101,
2000TL1,23.3,0.06,0.13,2031-06-04,55654.32905838504,0.05113,0.03518,4.854383103835106,2461000.5,0.3,1.338198,3.6,27.1823,565.4,0.936,279.4492,1.74,2460805.9132165792,123.89011,0.636717368234878,False
2000TU28,21.1,0.16,0.4,2030-10-24,36497.807799760805,0.0681,0.00176,5.711179456639048,2461000.5,0.183,1.072686,15.6,202.9799,405.8,0.877,280.9571,1.269,2460849.867438125,133.63305,0.8871365204534253,False
2000TV28,21.6,,,-,,,0.28994,3.2812204761467623,2461000.5,0.49,2.513823,1.9,80.5613,1455.8,1.282,317.9145,3.746,2460579.1063990537,104.20531,0.247286715208133,
2000UK11,25.0,0.026,0.06,2029-08-02,76840.15026259907,0.02044,0.00412,6.689745474661506,2461000.5,0.248,0.883293,0.8,236.9144,303.2,0.664,294.096,1.103,2461038.363531427,315.04596,1.187335092348285,False
2000UO30,24.2,0.04,0.09,2073-10-29,61883.07458184432,0.10592,0.03827,3.9044338196399337,2461000.5,0.451,1.808537,12.6,40.0744,888.4,0.993,30.4919,2.624,2460756.816475996,98.75044,0.4052228725799189,False
2000UQ30,21.8,0.12,0.26,2030-12-24,34745.212108192,0.05062,0.01226,4.007144796353244,2461000.5,0.455,1.747476,4.3,60.1738,843.8,0.952,37.9065,2.543,2461169.96128098,284.36446,0.4266413842142688,False
2000UR16,23.5,0.05,0.12,2027-02-09,40344.0122691324,0.19892,0.01249,6.486196946271612,2461000.5,0.439,0.904644,11.7,33.7334,314.3,0.508,228.8755,1.302,2460878.069515671,140.3623,1.145402481705377,False
2000UY33,22.4,0.09,0.19,2031-11-02,47711.71997813232,0.13038,0.11803,5.463884094174587,2461000.5,0.054,1.124056,26.0,37.4101,435.3,1.063,81.3104,1.185,2461081.2388186897,293.22633,0.8270158511371468,False
2000VZ44,21.7,0.12,0.27,2048-05-15,71371.39928373108,0.07741,0.05179,3.3702129324874246,2461000.5,0.74,2.058772,5.3,8.0451,1079.0,0.535,129.0899,3.583,2451904.0897183027,153.10963,0.3336422613531047,False
2000WC1,22.4,0.09,0.19,2033-11-16,35476.2378728518,0.12516,0.00513,6.68087337973386,2461000.5,0.262,0.878437,17.4,50.7638,300.7,0.648,230.2054,1.109,2461111.67369717,226.9115,1.1972065181243765,False
2000WG10,23.8,0.05,0.1,2044-11-22,29658.043240638264,0.08873,0.03651,5.387468269432214,2461000.5,0.206,1.164967,6.3,49.1865,459.3,0.925,74.4683,1.405,2451927.7522817324,278.29578,0.783801436969301,False
2000WG63,23.2,0.06,0.14,2066-11-23,63640.59043103172,0.02092,0.01798,3.778051685842081,2461000.5,0.474,1.909758,9.2,243.3259,964.0,1.004,185.7751,2.816,2460559.732398656,165.58707,0.3734439834024896,False
2000WH10,22.3,0.11,0.11,2099-12-13,53347.87413400248,0.1764,0.04578,3.087946621241671,2461000.5,0.662,2.508248,13.2,50.116,1451.0,0.848,63.4155,4.169,2451909.660512913,93.32615,0.248104755341144,False
2000WH63,21.7,0.12,0.27,2051-10-28,33048.684548818266,0.19201,0.11274,3.3142123212852104,2461000.5,0.536,2.364975,11.9,234.0479,1328.4,1.096,164.7594,3.634,2461167.475279897,314.92507,0.2710027100271002,False
2000WJ107,23.7,0.05,0.11,2030-07-19,48132.91230048792,0.19666,0.00398,3.681688428480219,2461000.5,0.558,1.947675,6.0,237.6901,992.8,0.862,127.5918,3.034,2460760.478468822,87.04294,0.362610797743755,True
2000WJ63,20.9,,,-,31279.8322625656,,0.17364,3.0241846713718097,2461000.5,0.592,2.834376,2.8,115.1041,1742.9,1.156,315.424,4.513,2460602.687279088,82.16684,0.206552297894314,
2000WL107,24.6,0.038,0.038,2075-12-24,30927.741227345483,0.13265,0.02055,2.920768297645926,2461000.5,0.653,2.900751,4.9,251.0889,1804.5,1.005,184.6466,4.796,2460963.8689311794,9.05155,0.199501246882793,False
2000WM10,24.2,0.04,0.09,2052-12-31,74534.65121971368,0.15161,0.04038,3.3767380559288984,2461000.5,0.552,2.292595,0.7,97.5171,1267.9,1.026,330.8018,3.559,2451877.46544896,71.51879,0.2839340642006467,False
2000WM107,18.9,,,-,81207.27106764732,,0.23149,3.0940676207426883,2461000.5,0.609,2.540157,19.4,71.372,1478.7,0.994,281.1749,4.086,2460667.6551552545,81.03171,0.2434570906877662,
2000WM63,20.5,0.21,0.5,2046-06-08,46651.44469762692,0.13659,0.12252,5.878665229474853,2461000.5,0.157,1.029774,20.1,74.4668,381.7,0.869,214.5144,1.191,2460897.9968258445,96.67822,0.9431490699502229,False
2000WN148,23.0,0.07,0.15,2047-11-30,37637.3526992658,0.0603,0.05991,5.060988388208809,2461000.5,0.173,1.265483,12.4,248.7795,520.0,1.046,177.6281,1.485,2461242.011835013,192.59357,0.6923076923076923,False
2000WQ148,22.7,0.08,0.17,2050-03-10,50617.099417284,0.12389,0.014,3.574473711814101,2461000.5,0.591,2.026225,1.9,223.2466,1053.5,0.828,276.9623,3.224,2451931.3892365987,217.50933,0.34171808258187,False
2000WS28,23.9,0.04,0.1,2054-02-06,44499.93171273324,0.13945,0.01713,3.558239191646508,2461000.5,0.566,2.05591,7.7,56.9998,1076.7,0.892,51.0641,3.22,2451905.194958303,157.64944,0.3343549735302312,False
2000WT28,24.5,0.03,0.07,2041-10-26,30607.492638424465,0.18323,0.03298,3.146044574853267,2461000.5,0.605,2.557462,5.5,46.2029,1493.9,1.01,21.2844,4.105,2460835.4578323727,39.33416,0.2409799852734453,False
2000WX28,20.9,,,-,30445.72080879672,,0.17852,3.009305940707074,2461000.5,0.599,2.842116,5.4,173.7792,1750.1,1.139,251.1565,4.545,2460643.958974445,73.34168,0.2057025312839266,
2000XF44,21.5,0.13,0.3,2090-11-21,35014.58352926579,0.19636,0.13453,3.171554789946892,2461000.5,0.56,2.547382,13.2,245.0991,1485.0,1.121,177.3072,3.973,2460774.3893516283,52.75951,0.2424242424242424,False
2000XJ44,20.2,0.7,0.7,2075-06-09,75652.64028811836,0.09693,0.09939,3.329474519441148,2461000.5,0.707,2.133394,10.6,286.6382,1138.2,0.625,52.5083,3.642,2460930.305079735,22.20257,0.316288877174486,False
2000YA,23.9,0.07,0.07,2034-02-16,61578.73343204928,0.16992,0.00634,3.216247104920211,2461000.5,0.651,2.374234,2.6,83.1437,1336.2,0.828,61.2435,3.92,2461335.7183555,269.6878,0.2694207453973956,False
2000YG29,18.8,,,-,60161.48189022312,,0.03489,2.7023131430585217,2461000.5,0.684,3.218791,18.9,92.1646,2109.3,1.019,359.1375,5.419,2460189.319320738,138.44667,0.1706727350305788,
2000YG4,20.8,0.19,0.4,2057-02-16,42795.30569177448,0.12442,0.12439,3.4775070037750453,2461000.5,0.501,2.215016,2.6,262.5825,1204.1,1.106,245.0869,3.324,2461579.3932653875,186.92377,0.2989784901586247,False
2000YS134,24.0,0.04,0.09,2028-02-16,25579.712107988893,0.0868,0.02727,6.871195078800886,2461000.5,0.224,0.855594,3.5,96.7926,289.1,0.664,190.1305,1.047,2461042.457126109,307.74615,1.2452438602559668,False
2000YT134,18.8,,,-,72656.73073802197,,0.31532,3.998935735122944,2461000.5,0.361,1.619987,40.9,298.9265,753.1,1.035,87.24,2.205,2460860.3023951217,67.01579,0.4780241667773204,
2001AV43,24.8,0.029,0.07,2029-11-11,31341.02068634922,0.00209,0.00167,5.018213137263178,2461000.5,0.241,1.283606,0.2,20.5287,531.2,0.974,51.2786,1.593,2460878.6517935805,82.58015,0.677710843373494,False
2001BA16,26.2,0.016,0.03,2032-01-17,17474.389977346847,0.01939,0.00047,6.373612522244773,2461000.5,0.137,0.940045,5.8,115.2615,332.9,0.811,243.1479,1.069,2461154.75910616,193.23246,1.081405827575849,True
2001BB16,23.1,0.06,0.14,2035-01-10,30957.87833815165,0.01419,0.00483,6.881700443814403,2461000.5,0.172,0.855444,2.0,122.3186,289.0,0.708,196.0832,1.003,2461046.299375079,302.94726,1.245674740484429,False
2001BB40,24.4,0.04,0.08,2043-01-29,38796.45981540516,0.09768,0.03264,4.163922704562358,2461000.5,0.387,1.64052,16.7,123.0297,767.5,1.006,343.1772,2.275,2451918.293088734,302.28268,0.4690553745928338,False
2001BC16,23.4,0.05,0.12,2039-03-12,54320.36966264124,0.1483,0.03782,4.054298726126732,2461000.5,0.443,1.710377,10.2,122.0586,817.0,0.953,44.6462,2.467,2460956.544751988,19.44725,0.4406364749082007,False
2001BD16,20.2,0.24,0.5,2036-01-07,101225.15419579307,0.08453,0.06651,3.993308193212892,2461000.5,0.681,1.617563,18.1,119.5429,751.4,0.516,246.6634,2.719,2460892.000553919,51.98046,0.4791056694170881,False
2001BE16,20.1,0.26,0.6,2029-07-25,83394.42390399492,0.07264,0.06405,4.84139040974754,2461000.5,0.404,1.254828,39.4,121.8899,513.4,0.748,106.1654,1.762,2460751.309943777,174.72636,0.7012076353720297,False
2001BF10,22.8,0.07,0.16,2044-01-11,61125.7572304866,0.18517,0.00118,4.228026211659482,2461000.5,0.441,1.611384,1.5,37.4015,747.1,0.902,133.1854,2.321,2460939.923397781,29.18845,0.4818632043903091,False
2001BM61,21.5,0.13,0.3,2102-01-20,46886.73005135808,0.17278,0.15858,4.714596724675888,2461000.5,0.18,1.369806,24.9,120.9636,585.6,1.123,330.6661,1.617,2451892.214052143,199.9832,0.6147540983606558,False
2001BN61,25.7,0.02,0.04,2043-02-05,31621.788747005005,0.19502,0.02145,3.881891551314774,2461000.5,0.464,1.827965,9.7,118.7755,902.7,0.98,334.369,2.676,2451906.5905063683,25.01293,0.3988035892323031,False
2001BO60,19.0,,,-,63526.620672018,,0.43422,4.091799824716241,2461000.5,0.264,1.615573,35.9,291.2573,750.0,1.189,265.4851,2.042,2461033.6414897493,344.09309,0.48,
2001BX15,21.7,0.12,0.27,2033-02-08,69987.05682773545,0.15712,0.08106,3.663329491335377,2461000.5,0.591,1.924241,12.2,107.4382,975.0,0.786,87.7797,3.062,2460753.6612689216,91.14396,0.3692307692307692,False
2001BY15,19.0,,,-,62229.49189712352,,0.40668,2.9924980875848046,2461000.5,0.518,2.653719,32.4,125.3347,1579.0,1.28,49.2014,4.027,2461478.8127788017,250.94796,0.2279924002533249,
2001CA21,19.4,0.3,0.8,2063-10-11,112633.4933789436,0.09783,0.03561,3.8358900621877767,2461000.5,0.776,1.665337,4.9,45.7767,785.0,0.374,219.7194,2.957,2451995.1400837377,172.33874,0.4585987261146497,False
2001CP36,23.9,0.06,0.06,2027-03-02,34278.09608805257,0.08403,0.01033,7.94829646346413,2461000.5,0.407,0.71455,10.6,330.9331,220.6,0.424,353.616,1.005,2461109.211472522,182.60959,1.6319129646418855,False
2001CQ36,22.5,0.068,0.068,2031-01-31,33821.61265263985,0.02252,0.01376,6.386755088566395,2461000.5,0.177,0.937398,1.3,30.5386,331.5,0.771,344.8896,1.104,2461152.3037958294,195.14558,1.085972850678733,False
2001DG47,22.8,0.07,0.16,2041-02-13,34858.471609420914,0.13569,0.0967,4.5511530285839,2461000.5,0.328,1.446306,16.9,151.7774,635.3,0.972,299.1904,1.92,2460802.5123638986,112.18547,0.5666614198016685,False
2001DS8,22.8,0.07,0.17,2060-02-07,22778.89860973756,0.08762,0.06312,3.542416100349266,2461000.5,0.513,2.127921,2.4,175.3466,1133.8,1.037,303.7161,3.219,2460997.382571091,359.97219,0.317516316810725,False
2001DT8,19.3,,,-,,,0.22059,3.065899878741972,2461000.5,0.468,2.26831,48.6,315.2858,1247.8,1.207,182.3161,3.33,2460694.1932880846,88.37045,0.2885077736816798,
2001DZ76,26.0,0.017,0.04,2048-05-31,42101.42051757132,0.19121,0.0003,3.2666705029492062,2461000.5,0.614,2.354447,5.8,152.0114,1319.6,0.908,38.1864,3.801,2451989.8876968417,294.00859,0.2728099424067899,False
2001EC,18.6,0.44,0.44,2026-02-18,71132.16988251467,0.0824,0.00351,2.911719189710257,2461000.5,0.766,2.597539,0.6,315.7627,1529.1,0.609,116.0492,4.586,2461047.577318434,348.91661,0.2354326074161271,False
2001EC16,22.3,0.09,0.21,2026-03-11,32147.69655800905,0.19319,0.01145,4.811335102419472,2461000.5,0.364,1.345651,4.7,175.467,570.2,0.856,70.6009,1.835,2461160.7896313,258.79297,0.6313574184496668,False
2001ED18,24.7,0.03,0.07,2058-10-08,63697.46231497032,0.12279,0.02337,6.112995835116363,2461000.5,0.057,0.989322,11.6,357.7592,359.4,0.933,306.7571,1.046,2461093.3353761225,267.18721,1.001669449081803,False
2001FA58,21.5,0.14,0.3,2109-09-27,115492.30769819734,0.13557,0.04346,3.211263528460617,2461000.5,0.72,2.255975,8.2,155.8087,1237.7,0.633,114.5483,3.879,2460729.8957593297,78.71134,0.2908620828956936,False
2001FB58,22.0,0.11,0.24,2056-03-26,23360.84965533679,0.12727,0.11978,4.05490150778246,2461000.5,0.358,1.738337,10.5,11.0891,837.1,1.116,168.5309,2.361,2461193.5643557026,277.50771,0.4300561462190897,False
2001FB90,20.1,0.25,0.6,2049-10-08,107104.23344940804,0.03331,0.0303,3.030813184818252,2461000.5,0.771,2.402837,1.8,264.1353,1360.5,0.549,16.734,4.256,2461571.8132126816,208.8209,0.2646085997794928,False
2001FC58,20.6,0.21,0.5,2027-08-17,23246.07084319759,0.14322,0.01506,5.92444032419358,2461000.5,0.343,1.02074,6.8,174.5962,376.7,0.67,261.2592,1.371,2460949.139349269,49.08653,0.9556676400318556,False
2001FC90,21.5,0.14,0.3,2060-04-01,26859.447867542945,0.18757,0.13673,3.927231484101072,2461000.5,0.377,1.820952,12.6,7.4896,897.5,1.134,192.8367,2.508,2460987.0443084487,4.7853,0.4011142061281337,False
2001FE7,23.7,,,-,22238.576443956925,,0.08475,3.610043883380569,2461000.5,0.478,2.075296,6.4,0.4885,1092.0,1.082,180.5811,3.068,2451990.6547677694,89.38835,0.3296703296703296,
2001FF90,17.4,0.9,2.0,2080-09-01,47638.5832162296,0.16921,0.16825,3.0187458696385567,2461000.5,0.629,2.586471,23.3,354.3094,1519.4,0.96,291.428,4.213,2461264.1661605127,297.52632,0.2369356324865078,False
2001FN91,21.4,0.14,0.3,2028-03-15,,0.09228,0.02582,3.6525629913407753,2461000.5,0.4,1.627922,63.6,178.4375,758.7,0.977,327.5477,2.279,2460920.581968,332.94155,0.4744958481613285,False
2001FO127,27.2,0.009,0.021,2032-05-08,22602.98219452596,0.12615,0.01516,6.667351224142226,2461000.5,0.158,0.888356,7.3,189.1003,305.8,0.748,200.9475,1.029,2461039.475790705,313.03124,1.1772400261608895,False
2001FP32,23.5,0.05,0.12,2028-03-31,63570.697177673166,0.1757,0.05172,4.660341891848123,2461000.5,0.335,1.362163,29.4,182.4977,580.7,0.906,64.6902,1.819,2452046.0807157243,151.52416,0.6199414499741691,False
2001FR128,19.9,0.28,0.6,2030-09-22,91979.71862030172,0.19723,0.14049,4.812139835569486,2461000.5,0.404,1.244104,45.3,183.8967,506.9,0.742,123.322,1.747,2461208.622105045,212.1786,0.7101992503452358,False
2001FR85,24.8,0.029,0.06,2038-03-21,34992.22739569733,0.19487,0.00054,6.160104396681263,2461000.5,0.028,0.982841,5.2,183.0197,355.9,0.955,233.6078,1.01,2461125.40627608,233.65457,1.0115200899128969,False
2001FZ,21.4,0.14,0.3,2035-04-09,68318.01683087436,0.0984,0.09719,3.2552741742654168,2461000.5,0.575,2.423686,7.1,158.5608,1378.2,1.029,60.9164,3.818,2461686.611235634,180.80699,0.2612102742707879,False
2001GL2,20.5,,,-,77795.5595019804,,0.04299,2.8601768451613543,2461000.5,0.646,2.650611,34.6,191.7642,1576.2,0.939,43.1053,4.363,2452041.2866331004,250.53004,0.228397411496003,
2001GM2,20.4,0.23,0.5,2051-04-12,63409.97707049555,0.13673,0.10993,4.027565552097664,2461000.5,0.485,1.677811,21.2,37.3912,793.8,0.864,100.5275,2.491,2460696.218399384,137.99555,0.4535147392290249,False
2001GO2,24.1,0.04,0.09,2092-09-17,14747.654740790016,0.18243,0.00474,6.034014309193445,2461000.5,0.168,1.006638,4.6,193.5014,368.9,0.837,265.5602,1.176,2461145.566626998,218.47321,0.9758742206560044,False
2001GP2,26.2,0.016,0.03,2039-04-30,47680.2587573514,0.15154,0.00174,5.918186533554849,2461000.5,0.072,1.034824,1.3,195.7374,384.5,0.96,108.8972,1.11,2460983.9525471525,15.49301,0.9362808842652796,False
2001GR2,21.8,0.12,0.26,2044-10-10,68288.61231108468,0.18923,0.01106,3.711001818747649,2461000.5,0.622,1.862633,11.8,189.9542,928.5,0.704,99.6549,3.022,2461356.1125097787,222.12354,0.3877221324717286,False
2001GS2,20.4,0.22,0.5,2039-04-08,53546.31407790792,0.13601,0.13332,3.9467543285134665,2461000.5,0.382,1.780562,18.7,24.2373,867.8,1.1,148.1905,2.461,2460656.1507527987,142.8458,0.4148421295229316,False
2001GT2,19.7,0.3,0.7,2041-12-25,82300.09234477572,0.0908,0.04165,3.2186172449945496,2461000.5,0.63,2.403363,3.7,145.9938,1360.9,0.89,359.5276,3.917,2461484.991211476,231.83746,0.264530825189213,False
2001HJ31,23.9,0.04,0.1,2105-04-23,47914.55097016896,0.02525,0.00544,3.535071689144271,2461000.5,0.587,2.068882,2.8,20.6744,1086.9,0.854,132.6167,3.284,2451979.664152196,103.58,0.3312172232956113,True
2001HK31,21.0,0.17,0.4,2039-06-04,27118.564435632343,0.17809,0.11483,3.2488175064731406,2461000.5,0.576,2.432823,6.9,114.155,1386.0,1.031,99.7394,3.835,2460372.6442500185,163.12431,0.2597402597402597,False
2001HL31,20.0,0.26,0.6,2059-05-06,83557.27245660407,0.08539,0.07536,2.9337003277289933,2461000.5,0.787,2.469677,13.5,31.159,1417.6,0.527,294.091,4.413,2460621.849795777,96.15723,0.2539503386004514,False
2001HW7,20.4,,,-,70571.82648572928,,0.14208,3.4943401724418486,2461000.5,0.512,2.173747,7.7,195.2149,1170.6,1.061,83.103,3.287,2461462.29621562,217.98281,0.3075345976422348,
2001HX7,20.7,0.2,0.4,2110-04-17,109232.89478265276,0.18159,0.19357,2.921713920731705,2461000.5,0.51,2.263836,56.7,205.3773,1244.1,1.109,40.6649,3.419,2460773.302351348,65.74166,0.2893658066071859,False
2001JV1,21.4,0.14,0.3,2041-09-02,38074.83466090428,0.16901,0.02345,4.075854696333827,2461000.5,0.436,1.70484,6.6,92.2083,813.1,0.961,201.0583,2.448,2461039.852431703,342.57591,0.4427499692534743,False
2001JW1,20.3,0.23,0.5,2033-05-22,64761.24089727145,0.19428,0.14729,5.190222975216751,2461000.5,0.069,1.178358,35.4,62.0183,467.2,1.097,97.5425,1.259,2460832.907806618,129.13432,0.7705479452054794,False
2001KD55,20.6,0.2,0.4,2073-05-18,28044.111310971228,0.12334,0.2348,2.7911070125118704,2461000.5,0.626,3.331102,10.0,228.4368,2220.7,1.246,6.9313,5.416,2460977.1781053017,3.78084,0.1621110460665556,False
2001KD68,22.7,0.08,0.17,2049-05-25,16342.459008162265,0.17146,0.17537,3.34864830342676,2461000.5,0.502,2.390399,2.0,249.6662,1349.9,1.189,350.5878,3.592,2452053.1929001054,235.18799,0.2666864212163863,False
2001KF54,19.8,0.29,0.6,2026-11-06,87579.07807146119,0.04842,0.02066,3.243877338736536,2461000.5,0.65,2.338396,1.6,172.4814,1306.1,0.818,170.8672,3.859,2461311.8609116324,274.17948,0.2756297373861113,False
2001KM20,23.9,0.04,0.1,2028-09-27,26372.7850859991,0.05321,0.01587,5.327176122023966,2461000.5,0.209,1.183716,3.7,56.0189,470.4,0.936,251.6297,1.431,2461051.1877661617,321.20856,0.7653061224489797,False
2001KO41,20.7,0.19,0.4,2047-04-01,42760.27509854112,0.19669,0.14995,3.690227717583303,2461000.5,0.439,2.021143,5.1,241.4849,1049.5,1.134,308.0503,2.908,2461447.271279931,206.75233,0.3430204859456884,False
2001KU66,24.0,0.04,0.09,2026-05-30,35985.54010962546,0.01754,0.01258,4.942788375250951,2461000.5,0.225,1.293344,18.9,68.4536,537.2,1.002,149.2213,1.585,2461159.521868429,251.43142,0.6701414743112434,False
2001KW18,26.0,0.017,0.04,2044-05-14,12969.316878274729,0.09838,0.03257,5.140230532957085,2461000.5,0.159,1.244284,7.2,61.5187,507.0,1.047,182.3633,1.442,2452054.088956558,242.51182,0.7100591715976331,False
2001KY18,18.3,,,-,25353.471041956043,,0.41841,2.877009239169773,2461000.5,0.594,3.025937,19.4,73.9998,1922.6,1.229,97.563,4.822,2461575.208498067,252.38773,0.1872464371164048,
2001LD,20.7,0.2,0.4,2045-06-15,64771.15262025131,0.16208,0.03432,4.499591960729422,2461000.5,0.376,1.420821,30.2,79.2187,618.6,0.887,114.3397,1.955,2461292.785708745,189.9006,0.5819592628516004,False
2001LD6,19.4,0.4,0.8,2033-07-13,30684.180536143635,0.16001,0.13764,3.0184985991358184,2461000.5,0.618,2.755159,9.1,82.5999,1670.4,1.054,248.0897,4.457,2460501.0318594417,107.64449,0.2155172413793103,False
2001MD1,21.4,0.14,0.3,2053-06-13,52490.91551250168,0.17196,0.06268,3.571214578951372,2461000.5,0.494,2.106197,5.9,265.7109,1116.5,1.067,27.5185,3.146,2461039.738540496,347.3556,0.32243618450515,False
2001MS3,23.9,0.04,0.1,2054-06-07,31268.701985324,0.02476,0.02398,3.5181376942687,2461000.5,0.533,2.135045,4.4,272.2449,1139.5,0.997,320.4751,3.273,2452047.7375116087,312.84713,0.3159280386134269,False
2001MY7,21.8,0.12,0.26,2026-06-19,70320.62431173564,0.19619,0.07933,2.8687188293041683,2461000.5,0.637,2.907126,20.6,94.7159,1810.5,1.056,208.3469,4.758,2461233.3841471137,313.69283,0.1988400994200497,False
2001ND13,21.6,0.13,0.28,2038-08-16,45565.6015292454,0.10922,0.10073,4.41147525194215,2461000.5,0.435,1.507226,8.4,171.9422,675.9,0.851,195.254,2.163,2460954.654615631,24.41928,0.5326231691078562,False
2001NE13,20.2,,,-,17197.24780824541,,0.20762,3.614136955868175,2461000.5,0.42,2.107257,7.7,129.8957,1117.3,1.221,162.2909,2.993,2461059.14086268,341.10583,0.3222053163877204,
2001NJ6,20.8,,,-,10890.429460597548,,0.2709,3.5704803289980767,2461000.5,0.41,2.171154,5.1,110.9493,1168.5,1.281,211.1253,3.062,2461492.900685554,208.29962,0.3080872913992298,
2001NY1,23.5,0.05,0.12,2065-06-16,34899.45349920988,0.08851,0.01399,3.3985818101179674,2461000.5,0.541,2.246131,11.8,282.596,1229.6,1.032,357.6363,3.46,2460709.5955553413,85.17746,0.2927781392322707,False
2001OC36,23.2,0.06,0.13,2091-12-21,51140.94564517668,0.16731,0.00455,4.607359420640554,2461000.5,0.479,1.40849,2.3,105.9445,610.6,0.734,289.0358,2.083,2452179.8294784427,161.63822,0.5895840157222404,False
2001OD3,19.4,,,-,34732.522037806746,,0.27708,3.163002565970399,2461000.5,0.516,2.617213,14.8,122.1421,1546.5,1.266,210.4857,3.968,2461413.005258831,263.97706,0.2327837051406401,
2001OE3,20.5,0.21,0.5,2048-08-11,50611.113406306446,0.11201,0.10641,4.256626056444825,2461000.5,0.336,1.610317,12.0,302.9764,746.4,1.07,43.9421,2.151,2461118.344489197,303.16107,0.4823151125401929,False
2001OF25,21.4,0.14,0.3,2028-07-20,46201.08654653256,0.11729,0.05682,4.179061289802817,2461000.5,0.351,1.627559,20.4,301.6492,758.4,1.056,21.6104,2.199,2461233.5713848923,249.55478,0.4746835443037975,False
2001OT,21.7,0.12,0.27,2029-08-01,57280.371818889966,0.13531,0.06228,6.355648961820474,2461000.5,0.323,0.934027,12.1,295.7743,329.7,0.633,143.0112,1.236,2461111.389908184,238.92429,1.091901728844404,False
2001OV13,23.1,0.06,0.14,2102-07-05,22024.85549493841,0.14346,0.07899,3.714372316004384,2461000.5,0.451,1.987962,6.3,284.3902,1023.8,1.092,16.8065,2.884,2461329.2153468467,244.41224,0.3516311779644462,False
2001OX13,19.6,,,-,4828.61662603308,,0.27293,3.381151730641057,2461000.5,0.465,2.379408,4.2,54.2032,1340.6,1.272,277.7032,3.487,2461552.2137817205,211.8456,0.2685364762046845,
2001PF14,19.6,,,-,10019.755154582892,,0.26456,3.611095734578968,2461000.5,0.41,2.119696,6.8,38.239,1127.2,1.25,254.1711,2.989,2461119.3120089737,322.0549,0.319375443577005,
2001PG14,22.6,0.08,0.18,2035-08-02,62841.36642078888,0.11045,0.07624,4.516411368226445,2461000.5,0.336,1.47362,10.7,154.6279,653.4,0.979,115.5528,1.968,2461235.060334664,230.21409,0.5509641873278237,False
2001PH9,21.3,,,-,16346.12767629426,,0.25871,3.124388653909202,2461000.5,0.541,2.718972,5.4,287.3216,1637.6,1.247,65.5875,4.191,2460364.063099516,139.91118,0.2198339032730825,
2001PJ,21.0,0.17,0.4,2053-07-28,72192.96677853217,0.08976,0.07233,3.567613196588694,2461000.5,0.499,2.106392,5.8,260.6848,1116.6,1.056,44.9447,3.157,2461059.8595036143,340.90152,0.3224073078989791,False
2001PJ29,23.0,0.07,0.15,2035-01-05,39192.5213681076,0.18001,0.02391,4.558638371013412,2461000.5,0.392,1.447721,6.6,328.3821,636.2,0.881,69.6936,2.015,2452197.750385141,299.76068,0.565859792518076,False
2001PU9,19.2,,,-,62885.42130107556,,0.11884,3.30971361444938,2461000.5,0.504,2.244617,29.1,144.8156,1228.3,1.112,159.6806,3.377,2460729.379543163,79.46085,0.2930880078156802,
2001QB34,19.8,,,-,,,0.30006,3.536472625835187,2461000.5,0.418,2.205554,5.7,266.5956,1196.4,1.284,86.9768,3.127,2460533.2455553324,140.59861,0.3009027081243731,
2001QD34,23.2,0.06,0.13,2026-08-16,29752.45068892612,0.09242,0.05903,3.524642848886301,2461000.5,0.512,2.136909,8.3,148.8788,1141.0,1.043,147.3008,3.231,2452111.417779325,281.88537,0.3155127081507449,False
2001QE34,19.0,0.4,0.9,2039-08-03,132166.1165829487,0.19606,0.06916,3.282438900382251,2461000.5,0.732,2.160547,5.6,279.2504,1160.0,0.578,314.6411,3.743,2461323.499718483,259.75551,0.3103448275862069,False
2001QE71,24.7,0.03,0.07,2029-07-10,38702.7972084204,0.09283,0.00611,5.724207037803008,2461000.5,0.159,1.078175,3.0,148.3654,408.9,0.907,96.432,1.249,2461062.5197644355,305.58122,0.880410858400587,False
2001QF96,24.1,0.04,0.09,2049-10-07,57822.5973209364,0.07663,0.032,4.375747082346155,2461000.5,0.363,1.545549,6.7,158.7446,701.8,0.985,224.4123,2.106,2461313.5780878537,199.86152,0.5129666571672842,False
2001QG142,18.2,0.6,1.4,2092-08-26,95059.84497415271,0.15581,0.14275,3.166693643852666,2461000.5,0.549,2.364564,31.0,160.6314,1328.1,1.066,138.4926,3.663,2461438.9635465574,241.14681,0.2710639259091936,False
2001QJ,21.4,,,-,14019.898577814109,,0.23777,3.4009989325022087,2461000.5,0.466,2.340995,7.0,316.0619,1308.3,1.25,11.153,3.432,2461315.558582777,273.30486,0.2751662462737904,
2001QJ142,23.9,0.04,0.1,2035-03-21,7649.220773951424,0.18584,0.00863,5.794239084198329,2461000.5,0.087,1.063122,3.1,183.6998,400.4,0.971,63.0037,1.156,2460857.856833788,128.25684,0.8991008991008992,False
2001QJ96,22.0,0.11,0.24,2086-04-26,81921.2296839174,0.1881,0.00056,3.933073517406412,2461000.5,0.797,1.592191,5.9,338.4779,733.8,0.323,121.9402,2.861,2461000.8328317115,359.83662,0.490596892886345,False
2001QK153,20.6,0.2,0.5,2043-08-18,92923.92078754788,0.11976,0.11575,3.1164703852305693,2461000.5,0.688,2.442135,7.6,260.5824,1394.0,0.762,2.7309,4.122,2460441.621676637,144.33336,0.2582496413199426,False
2001QL153,19.3,,,-,47276.65408291056,,0.39719,3.342269271686729,2461000.5,0.445,2.327825,22.5,161.756,1297.3,1.292,236.1477,3.364,2461285.1622562115,281.00332,0.2774994218762044,
2001QL163,22.6,0.08,0.18,2029-11-16,28534.79300888574,0.169,0.05711,3.987282461538389,2461000.5,0.443,1.761356,8.1,323.9717,853.8,0.98,54.8864,2.542,2452190.3900329364,116.85359,0.4216444132115249,False
2001QM142,22.6,0.08,0.18,2043-03-19,72089.6887759734,0.13455,0.03513,5.090008281553619,2461000.5,0.428,1.234885,5.9,151.2194,501.2,0.706,292.757,1.764,2460759.514674344,173.08264,0.7182761372705507,False
2001QM163,19.8,0.29,0.7,2026-03-11,73050.10185874284,0.16025,0.1555,3.137351456611364,2461000.5,0.736,2.31696,9.4,87.5842,1288.2,0.611,166.6059,4.023,2461154.7975200363,316.87937,0.279459711224965,False
2001QN142,21.8,,,-,67364.3315379996,,0.11674,2.77752256739603,2461000.5,0.679,3.145587,10.3,159.511,2037.8,1.01,115.5486,5.281,2460103.912613686,158.39596,0.1766611051133575,
2001QO142,19.1,0.4,0.9,2029-09-27,106695.51309976428,0.11641,0.08729,3.2922604916413998,2461000.5,0.747,2.127556,5.5,262.1154,1133.5,0.539,200.1696,3.716,2461319.359689248,258.72972,0.317600352889281,False
2001QP142,24.6,0.03,0.07,2090-09-13,34341.482056880515,0.07349,0.03157,3.272135419824121,2461000.5,0.571,2.392543,9.8,331.0602,1351.7,1.025,20.1496,3.76,2452162.326952135,190.9777,0.2663312865280757,False
2001RA18,19.5,,,-,43970.96913558012,,0.07312,3.115803542812529,2461000.5,0.596,2.600061,11.0,179.6365,1531.3,1.051,205.866,4.149,2461410.075444093,263.71412,0.2350943642656566,
2001RO3,23.6,0.05,0.11,2056-08-13,33539.59536722039,0.13756,0.00822,3.184763179302304,2461000.5,0.598,2.49204,8.7,345.1167,1436.9,1.002,16.2695,3.982,2460800.3235251345,48.88508,0.2505393555571021,False
2001RP3,23.4,0.06,0.13,2062-09-28,33171.80229166467,0.19253,0.03868,3.31947587152673,2461000.5,0.56,2.341346,9.3,170.4998,1308.6,1.03,158.7558,3.652,2461326.217967944,270.28429,0.2751031636863824,False
2001RQ17,22.6,0.08,0.18,2072-07-02,37125.82237550868,0.10483,0.0218,3.6744964452118367,2461000.5,0.495,2.004413,1.3,30.2721,1036.5,1.012,285.0887,2.996,2461455.417310236,202.0005,0.3473227206946454,False
2001RW17,20.2,0.24,0.5,2030-03-31,45480.95972690904,0.09619,0.05239,3.206321953919041,2461000.5,0.66,2.358559,8.7,158.0566,1323.0,0.802,97.4771,3.915,2461313.1880586296,274.91651,0.272108843537415,False
2001RX17,20.2,,,-,24236.25505546806,,0.24137,3.172309489760369,2461000.5,0.534,2.608921,10.4,167.2884,1539.2,1.215,218.6182,4.003,2461448.0257465728,255.42672,0.2338877338877338,
2001RX47,19.9,0.27,0.6,2064-07-14,25539.544368717918,0.1778,0.16116,3.688092770801576,2461000.5,0.422,2.018174,10.7,276.996,1047.2,1.166,24.0077,2.87,2460487.123307838,176.48278,0.3437738731856379,False
2001SA170,23.2,0.06,0.13,2062-08-03,70953.80841935892,0.17705,0.03893,3.5723229204790123,2461000.5,0.504,2.102145,2.6,189.9049,1113.2,1.042,157.0242,3.162,2461074.195510437,336.43283,0.323392022996766,False
2001SB170,22.8,0.07,0.16,2044-03-19,66596.61418450884,0.06537,0.00201,4.571634352828245,2461000.5,0.464,1.360491,34.5,356.5549,579.6,0.729,261.4244,1.992,2452098.487446808,128.62598,0.6211180124223602,True
2001SC170,20.4,0.22,0.22,2035-08-09,39069.71685458064,0.16951,0.16616,3.391927690123476,2461000.5,0.539,2.26063,11.0,182.3211,1241.5,1.042,103.1012,3.479,2460792.1991199325,60.40195,0.2899718082964156,False
2001SD270,22.1,,,-,50028.12906743412,,0.16569,3.2248431863141604,2461000.5,0.545,2.375563,24.1,3.6757,1337.4,1.08,43.4946,3.671,2461583.969948401,202.93744,0.269179004037685,
2001SD286,25.6,,,-,45888.1648845012,,0.01017,3.531020560279125,2461000.5,0.565,2.08829,6.3,181.7716,1102.3,0.908,131.4292,3.269,2452140.31157184,15.07243,0.3265898575705343,
2001SE270,25.6,0.02,0.04,2042-03-31,35494.17711757657,0.16333,0.01529,5.125359501700868,2461000.5,0.482,1.215229,5.4,356.8983,489.3,0.63,107.7118,1.8,2452240.923735787,325.46421,0.7357449417535254,False
2001SH276,19.7,0.3,0.7,2026-10-05,43931.88846575892,0.1398,0.09376,5.881270488819434,2461000.5,0.181,1.028085,20.4,194.9489,380.8,0.842,54.3005,1.214,2460822.911850175,167.90914,0.9453781512605042,False
2001SJ262,20.0,,,-,24482.43410865887,,0.26221,2.975409347638088,2461000.5,0.574,2.949655,10.8,210.4046,1850.4,1.256,164.8787,4.643,2461436.59558296,275.15449,0.1945525291828793,
2001SJ9,19.6,,,-,40768.81758430381,,0.27431,3.624291981586284,2461000.5,0.379,2.053834,20.3,185.1685,1075.1,1.276,184.4409,2.832,2460773.789020183,75.91483,0.3348525718537811,
2001SL264,20.2,,,-,5881.34515386798,,0.28626,3.605263380013935,2461000.5,0.4,2.136469,5.3,38.4625,1140.6,1.281,280.7839,2.992,2461248.5178045765,281.72163,0.3156233561283535,
2001SO263,22.2,,,-,15332.797112855113,,0.24963,3.501166189184568,2461000.5,0.437,2.231957,6.9,177.1988,1217.9,1.256,165.0458,3.208,2460675.268279673,96.13208,0.295590770999261,
2001SP263,26.0,0.017,0.04,2035-11-30,88267.27346796203,0.05464,0.00301,3.6398528971274,2461000.5,0.542,2.003612,1.5,178.277,1035.9,0.917,227.2573,3.09,2460500.905728336,173.60138,0.3475238922675934,False
2001SP287,27.6,0.008,0.018,2028-10-15,,0.11413,0.01795,3.753760519990121,2461000.5,0.476,1.940014,4.0,186.0963,987.0,1.017,164.487,2.863,2460969.4008747,341.958,0.364741641337386,False
2001SQ263,22.6,0.08,0.18,2029-01-08,39896.39532138624,0.10358,0.03235,6.23660236262101,2461000.5,0.491,0.947032,3.9,327.0473,336.6,0.482,262.6186,1.412,2460864.645030657,145.289,1.06951871657754,False
2001SQ287,25.4,0.022,0.05,2030-10-06,,0.09203,0.03324,4.362365599459087,2461000.5,0.334,1.552333,11.2,184.9951,706.4,1.033,170.6785,2.071,2460650.0002083,178.84557,0.5096262740656852,False
2001SQ3,21.9,0.11,0.25,2028-03-19,53671.24094120172,0.04011,0.02842,5.50532174177282,2461000.5,0.255,1.109878,23.9,356.1386,427.1,0.827,268.3023,1.392,2461064.966299037,305.65947,0.8428939358464059,False
2001SR263,20.4,,,-,4820.264191270404,,0.29612,3.489791872986617,2461000.5,0.428,2.259112,5.1,223.0876,1240.2,1.292,117.0616,3.227,2460822.4432173287,51.68397,0.2902757619738751,
2001SS287,18.3,0.6,1.3,2082-10-29,43979.83305445368,0.14043,0.05277,2.709747149810777,2461000.5,0.678,3.229253,18.5,230.7984,2119.6,1.041,173.9736,5.418,2460733.378093332,45.36921,0.1698433666729571,False
2001SX269,21.7,,,-,9079.467138870588,,0.22392,3.893034921731877,2461000.5,0.346,1.880131,4.0,320.1299,941.6,1.229,29.6206,2.532,2460636.346629448,139.22148,0.3823279524214104,
2001SY169,23.1,0.06,0.14,2034-09-11,52090.63308454716,0.15233,0.00422,5.202386272178671,2461000.5,0.384,1.205514,4.9,171.2686,483.5,0.742,81.9979,1.669,2460771.0059754523,170.89023,0.7445708376421923,False
2001SY269,21.7,0.12,0.27,2038-10-08,99779.8529186388,0.02506,0.02017,4.0091476118066325,2461000.5,0.597,1.679749,1.9,232.1068,795.2,0.676,223.8906,2.683,2460983.1603505863,7.85011,0.4527162977867203,False
2001SZ169,25.8,0.019,0.04,2038-09-06,16572.74861253643,0.09569,0.02593,4.879590381940812,2461000.5,0.23,1.334377,6.3,178.6491,563.0,1.028,189.8571,1.641,2452182.2641816405,239.59858,0.6394316163410302,False
2001SZ269,19.8,0.29,0.7,2041-05-30,62946.05652168804,0.15293,0.03387,3.20989645931908,2461000.5,0.665,2.360156,2.5,98.9324,1324.4,0.791,191.176,3.929,2461409.867911246,248.72265,0.2718212020537601,False
2001TA2,21.9,0.11,0.24,2034-09-22,123254.6520387528,0.10647,0.03648,3.826209536886365,2461000.5,0.647,1.771276,3.3,50.3524,861.0,0.625,227.4024,2.918,2460734.3551160945,111.27373,0.4181184668989547,False
2001TB,24.7,0.03,0.07,2049-02-20,44913.360284136725,0.18222,0.00341,4.0116638613485485,2461000.5,0.525,1.713345,4.0,192.0807,819.2,0.815,245.3394,2.612,2452234.6834919914,248.54773,0.439453125,False
2001TB2,22.0,0.11,0.24,2031-10-19,56112.91214804892,0.14452,0.13565,4.492948810501586,2461000.5,0.226,1.460608,25.7,26.6676,644.8,1.13,351.8298,1.791,2461220.4587049563,237.47699,0.5583126550868487,False
2001TB45,18.8,,,-,52561.8376935606,,0.35828,2.8583909448378995,2461000.5,0.573,3.010789,25.0,26.9556,1908.2,1.287,38.7422,4.735,2461748.915011004,218.80278,0.1886594696572686,
2001TC,20.9,0.17,0.4,2117-09-18,60181.85371257828,0.16252,0.15435,3.320029905093648,2461000.5,0.54,2.310827,17.8,13.9624,1283.1,1.063,310.0648,3.559,2461124.7474401216,325.13894,0.2805704933364508,False
2001TC45,19.3,0.4,0.8,2044-10-27,68104.73731253795,0.08144,0.02393,3.30972766431283,2461000.5,0.643,2.218178,15.5,35.1468,1206.7,0.792,67.0798,3.644,2460713.116497989,85.73762,0.2983343001574542,False
2001TD,25.4,0.022,0.05,2028-10-05,57592.20870153864,0.08742,0.00461,6.290431567671052,2461000.5,0.166,0.953723,9.0,13.0187,340.2,0.795,241.5906,1.112,2460940.1704465426,63.83825,1.058201058201058,False
2001TE45,23.6,0.05,0.12,2040-10-01,43499.29709262024,0.11498,0.09513,3.884902264776846,2461000.5,0.464,1.810676,14.7,208.5437,889.9,0.97,120.6067,2.651,2452151.7209153343,338.77995,0.4045398359366221,False
2001TY1,24.8,0.029,0.06,2087-10-15,34241.92771473479,0.04111,0.00525,3.2524923502632657,2461000.5,0.594,2.403975,5.9,9.5056,1361.4,0.976,342.9491,3.832,2460358.973617022,169.75759,0.2644336712208021,False
2001TY44,20.6,0.2,0.4,2030-12-01,15760.733386013206,0.14643,0.14776,3.354120423473798,2461000.5,0.522,2.358057,2.5,356.6449,1322.6,1.127,73.511,3.589,2461517.801116553,219.19563,0.2721911386662634,False
2001UB5,22.2,0.1,0.22,2034-10-23,99404.1460449612,0.14812,0.12848,3.810155641719735,2461000.5,0.337,1.692309,46.8,27.1761,804.1,1.121,8.6103,2.263,2461053.345294653,336.3413,0.4477055092650168,False
2001UC5,21.8,0.31,0.31,2078-10-19,69124.78962863029,0.04681,0.0408,2.873133855897972,2461000.5,0.633,2.730642,30.4,28.1545,1648.1,1.003,24.1765,4.458,2452224.3810429946,108.97674,0.2184333474910503,False
2001UD18,27.4,0.009,0.02,2047-10-13,21414.142292253626,0.02491,0.0126,3.9417319447665062,2461000.5,0.442,1.802462,2.8,211.7314,883.9,1.006,183.8598,2.598,2452210.845336708,338.77197,0.4072858920692386,False
2001UD5,22.7,0.08,0.18,2046-05-11,55728.59645007396,0.19335,0.00188,3.2706144620947177,2461000.5,0.665,2.279473,2.5,17.8241,1257.0,0.764,291.7437,3.795,2452146.02506591,10.67631,0.2863961813842482,True
2001UE18,22.9,0.07,0.16,2039-11-13,29158.486091679417,0.19663,0.19151,4.800883331617604,2461000.5,0.181,1.358165,15.3,33.1354,578.1,1.113,60.8859,1.603,2452277.495083825,31.95027,0.6227296315516346,False
2001UE5,18.8,,,-,48792.85597273536,,0.14617,3.4571750663633702,2461000.5,0.513,2.218358,7.5,40.6984,1206.8,1.079,283.6482,3.357,2460594.173060699,121.20825,0.2983095790520385,
2001UF5,22.8,0.07,0.16,2058-10-22,64121.85069489179,0.10136,0.00565,3.1810983590744755,2461000.5,0.703,2.335337,0.9,55.8019,1303.5,0.694,53.5919,3.977,2452255.1016003154,259.92943,0.2761795166858458,False
2001UG18,20.7,0.19,0.4,2046-10-02,20580.709135283814,0.17463,0.15994,3.290896229866066,2461000.5,0.54,2.411661,8.6,235.3845,1368.0,1.109,124.9868,3.714,2460388.2850148105,161.11415,0.2631578947368421,False
2001UN16,23.5,0.05,0.12,2054-08-15,32326.9761059627,0.04243,0.00922,3.9457908982789895,2461000.5,0.45,1.796416,1.7,210.0955,879.4,0.988,144.3023,2.605,2452177.50777477,12.35174,0.4093700250170571,False
2001UO,23.7,0.05,0.11,2038-08-18,57096.73709509284,0.19886,0.02011,3.062824796153934,2461000.5,0.663,2.565406,10.3,20.9456,1500.8,0.865,304.2307,4.266,2452157.133696928,327.19583,0.2398720682302771,False
2001UO27,20.1,,,-,80174.31122565037,,0.30355,2.904788605942562,2461000.5,0.52,2.627874,40.4,216.9288,1556.0,1.26,153.5302,3.995,2461527.853933286,234.52673,0.2313624678663239,
2001UP,26.0,0.016,0.04,2030-07-13,39735.13619178036,0.13613,0.0068,6.670857867833231,2461000.5,0.287,0.883763,7.7,25.3899,303.5,0.63,133.5018,1.138,2461092.369595431,251.0131,1.186161449752883,False
2001UP16,20.8,,,-,8811.401639721553,,0.30102,3.529377100424206,2461000.5,0.418,2.217618,4.3,214.1728,1206.2,1.292,192.6618,3.144,2460674.77599215,97.21288,0.2984579671696236,
2001UQ16,21.4,,,-,65331.952904358,,0.21582,2.922293607781758,2461000.5,0.563,2.75434,30.8,29.2981,1669.6,1.204,10.9941,4.304,2460602.158774235,85.88813,0.2156205079060853,
2001UQ163,20.9,0.17,0.4,2033-08-28,40009.14282600792,0.19078,0.15043,3.5101834443316493,2461000.5,0.493,2.174378,6.8,55.7208,1171.1,1.102,262.6927,3.247,2461485.0180221302,211.06001,0.307403296046452,False
2001UT16,26.2,0.015,0.03,2055-10-10,28000.640282537843,0.08707,0.03047,3.4941956805681658,2461000.5,0.528,2.161353,7.0,210.7099,1160.6,1.02,190.8978,3.302,2452215.7825125065,206.7072,0.3101843873858349,False
2001UU16,24.8,0.029,0.07,2026-10-23,73715.96380229136,0.04576,0.03092,4.031436923321986,2461000.5,0.415,1.72839,13.3,31.368,830.0,1.011,19.1784,2.446,2461352.828592754,206.84775,0.4337349397590361,False
2001UU92,20.4,,,-,18806.667356277936,,0.12196,2.797191330229279,2461000.5,0.667,3.176854,5.4,7.2198,2068.2,1.059,87.7656,5.294,2460515.7144175693,84.38355,0.1740644038294169,
2001UW17,20.6,,,-,10408.568976144144,,0.23436,4.378107697880537,2461000.5,0.232,1.557818,12.9,223.1977,710.2,1.196,217.9137,1.92,2460796.2735502142,103.52399,0.5068994649394536,
2001UX4,19.4,0.4,0.8,2031-06-13,116388.89422656554,0.17961,0.10866,3.771920884130318,2461000.5,0.753,1.720612,9.0,182.2926,824.4,0.425,333.9696,3.016,2461334.4812428188,214.15161,0.4366812227074236,False
2001UZ4,21.0,,,-,47450.68956988956,,0.30633,2.9330501292396987,2461000.5,0.552,2.897008,24.0,17.6952,1801.0,1.298,11.6174,4.496,2452209.996527325,323.08079,0.1998889505830094,
2001VB,18.5,0.5,1.2,2050-07-30,116910.36705342456,0.18025,0.0159,2.75205697318864,2461000.5,0.897,2.41469,7.6,290.194,1370.5,0.248,240.0971,4.581,2452258.6255492847,146.86994,0.2626778547975191,True
2001VC2,21.2,0.16,0.3,2035-12-02,24524.927458442748,0.09754,0.02081,5.864211667609241,2461000.5,0.132,1.041113,12.5,67.0424,388.0,0.904,103.8591,1.179,2460880.7755831275,111.08103,0.9278350515463918,False
2001VD2,26.0,0.017,0.04,2095-10-19,29848.37054978344,0.18745,0.03401,3.255040191692744,2461000.5,0.58,2.420466,6.0,226.2115,1375.5,1.016,196.0559,3.825,2452234.848958236,132.40282,0.2617230098146129,False
2001VE2,25.1,0.026,0.06,2031-04-14,15770.1055421412,0.18347,0.01283,5.610244376291013,2461000.5,0.181,1.10577,4.4,47.0609,424.7,0.906,73.9647,1.306,2461208.7685203063,183.45744,0.8476571697668943,False
2001VE76,24.0,0.04,0.09,2048-03-05,44335.95024851208,0.08916,0.03366,3.973548159010682,2461000.5,0.514,1.744618,4.2,216.9827,841.7,0.847,262.8697,2.642,2452278.4426046903,133.16403,0.4277058334323393,False
2001VF2,20.5,0.21,0.5,2050-11-28,22421.688183175535,0.16326,0.13439,3.9399137094543657,2461000.5,0.385,1.818334,8.9,58.8069,895.6,1.119,11.8091,2.518,2461195.170387932,281.74834,0.401965163019205,False
2001VF75,21.4,,,-,49925.61491933196,,0.16065,3.489374714114451,2461000.5,0.554,2.086293,19.3,47.4463,1100.7,0.931,74.798,3.242,2452289.5302050705,332.47263,0.3270645952575634,
2001VG16,25.6,0.02,0.05,2080-12-16,31329.7057927647,0.18629,0.01634,3.992896067354441,2461000.5,0.431,1.754267,11.6,48.416,848.7,0.998,14.4355,2.511,2452236.9123605434,112.96848,0.4241781548250264,False
2001VH5,21.0,0.17,0.4,2047-11-09,49451.06424791844,0.17542,0.12819,4.954405848027268,2461000.5,0.187,1.27412,26.5,230.3819,525.3,1.036,119.4244,1.512,2461094.262122806,295.74368,0.6853226727584238,False
2001VJ5,22.0,0.11,0.24,2044-11-17,89902.56358297836,0.04357,0.02566,3.6954935264878026,2461000.5,0.562,1.932299,6.1,44.6663,981.1,0.847,67.6724,3.017,2461102.8904160843,322.42903,0.3669350728773825,False
2001VJ75,20.1,,,-,46446.26626901664,,0.07113,3.038746145753903,2461000.5,0.604,2.671896,17.2,57.9437,1595.2,1.058,353.5484,4.286,2461797.4644727386,180.14867,0.2256770310932798,
2001VM5,25.4,0.023,0.05,2031-12-01,29976.5296815988,0.13142,0.02967,3.2600381095986632,2461000.5,0.579,2.414675,5.9,231.4138,1370.5,1.017,169.0917,3.812,2452217.170970153,148.44722,0.2626778547975191,False
2001WF49,22.2,0.1,0.22,2031-11-15,51299.64298297908,0.06642,0.04285,7.591095700661262,2461000.5,0.371,0.752066,18.0,239.6288,238.2,0.473,358.441,1.031,2460932.629285702,102.56586,1.5113350125944585,False
2001WH1,20.3,0.23,0.5,2116-12-19,88556.15055304764,0.1329,0.05919,2.906689823582231,2461000.5,0.795,2.477614,15.6,66.9768,1424.5,0.509,108.6617,4.447,2452300.196365509,52.56906,0.2527202527202527,False
2001WH2,20.2,,,-,30650.92408522559,,0.19749,3.643266992745553,2461000.5,0.426,2.042051,15.0,80.702,1065.9,1.173,17.144,2.911,2460797.001941968,68.73287,0.3377427526034336,
2001WH49,25.7,0.019,0.04,2033-09-09,20336.43107646112,0.10631,0.0319,4.55161568339551,2461000.5,0.32,1.466171,4.8,237.967,648.4,0.997,142.6258,1.935,2452198.815119621,203.02692,0.5552128315854411,False
2001WJ15,23.9,0.04,0.1,2039-11-09,112338.1743434442,0.14238,0.00641,4.374664098879187,2461000.5,0.567,1.484593,8.9,239.0896,660.7,0.643,88.1013,2.326,2460767.6982383165,126.85233,0.5448766459815347,False
2001WJ4,27.4,0.009,0.019,2039-11-10,29965.182090120645,0.05406,0.00476,5.093633412384039,2461000.5,0.217,1.255903,7.9,57.1441,514.1,0.984,18.7902,1.528,2460986.7177600977,9.60083,0.7002528690916164,False
2001WK15,21.3,0.15,0.3,2029-12-01,45204.878566566,0.17767,0.07528,5.405784545698387,2461000.5,0.137,1.140797,24.5,66.3329,445.1,0.985,99.9202,1.297,2460797.228705192,164.42488,0.8088070096607504,False
2001WM15,25.5,0.021,0.05,2034-11-27,92655.47936519569,0.03703,0.00563,3.75485723460488,2461000.5,0.594,1.860617,5.3,243.4406,927.0,0.755,251.859,2.966,2452286.3468492376,143.85192,0.3883495145631068,False
2001WN15,19.5,,,-,115168.79949755831,,0.21271,2.66871498329201,2461000.5,0.836,2.289129,57.1,244.1684,1265.0,0.375,51.5181,4.203,2452167.6604715856,353.20217,0.2845849802371542,
2001WO15,22.7,0.08,0.17,2035-10-05,64625.98743243828,0.13431,0.00976,3.898424480221896,2461000.5,0.494,1.804668,7.7,65.8522,885.5,0.913,315.7486,2.696,2461070.3379205763,331.60777,0.406549971767363,False
2001WP15,21.6,0.13,0.28,2039-11-26,44063.60304292704,0.19779,0.15298,4.673983132276129,2461000.5,0.186,1.396892,21.3,64.0569,603.0,1.138,349.3106,1.656,2461275.207826182,196.00497,0.5970149253731343,False
2001WR5,23.1,,,-,28381.16291362945,,0.05601,2.999925939797052,2461000.5,0.63,2.791934,3.1,232.4101,1703.9,1.034,211.5958,4.55,2460794.8281999445,43.45314,0.2112800046951112,
2001WV1,23.0,0.07,0.15,2050-05-03,47900.842988692326,0.18327,0.00209,4.637986751821914,2461000.5,0.452,1.401798,1.5,206.5035,606.2,0.768,288.4976,2.035,2452288.8297066973,131.72027,0.5938634114153745,False
2001XG1,23.2,0.06,0.14,2033-04-18,100383.84367537824,0.0969,0.01922,3.594052058637022,2461000.5,0.6,1.998563,3.0,55.7863,1032.0,0.799,82.2595,3.198,2460566.7304273923,151.31649,0.3488372093023256,False
2001XG105,21.9,0.11,0.25,2036-12-22,72483.15376102175,0.1168,0.07906,4.401756899181889,2461000.5,0.335,1.502817,22.0,83.2913,672.9,1.0,42.9026,2.006,2461049.879208757,333.57666,0.5349977708426215,False
2001XH16,24.6,0.03,0.07,2038-07-24,53563.906505873165,0.04308,0.00528,3.4515446454009044,2461000.5,0.629,2.114012,2.7,79.092,1122.7,0.784,291.2745,3.444,2452206.648136244,300.04799,0.3206555624832992,False
2001XK105,24.0,0.04,0.1,2029-11-26,51357.05372609136,0.18781,0.07673,3.5411074720622127,2461000.5,0.502,2.128865,7.6,79.8575,1134.5,1.06,7.1976,3.198,2461345.576505386,250.53355,0.3173204054649625,False
2001XO88,22.3,,,-,33888.40830848232,,0.05588,3.1767472277691877,2461000.5,0.603,2.503227,7.2,85.2648,1446.6,0.993,317.3706,4.013,2460887.494976789,28.18951,0.2488593944421402,
2001XP,21.3,0.14,0.3,2047-12-11,79921.73307886992,0.16937,0.15898,5.289827311798673,2461000.5,0.465,1.135066,31.5,68.8141,441.7,0.607,126.0101,1.663,2461173.4161079424,219.06846,0.8150328277111162,False
2001XP31,22.1,0.1,0.23,2028-11-18,35316.55974695084,0.02565,0.01138,5.401023605520118,2461000.5,0.385,1.146357,6.1,241.2245,448.3,0.705,81.7353,1.588,2461136.9798192144,250.40456,0.8030336828016953,False
2001XQ,19.3,,,-,70365.00595638275,,0.03332,2.449070974883174,2461000.5,0.721,3.633027,28.6,250.6729,2529.3,1.013,189.8431,6.253,2459841.912838932,164.90346,0.1423318704779978,
2001XQ31,19.5,,,-,42016.04564413752,,0.24385,2.964310537076913,2461000.5,0.576,2.845145,20.1,84.4015,1752.9,1.207,335.8844,4.483,2461026.856208021,354.6165,0.2053739517371213,
2001XU4,24.5,0.03,0.08,2032-05-16,29079.566463202595,0.17477,0.05203,5.956106640635045,2461000.5,0.164,1.019551,12.7,259.3121,376.0,0.853,69.7968,1.186,2461181.636452204,186.48901,0.9574468085106383,False
2001XW10,19.7,0.3,0.7,2044-05-22,117395.2600935048,0.16105,0.07842,3.28708087116071,2461000.5,0.768,2.101991,4.7,340.3565,1113.1,0.487,353.848,3.717,2461108.360146693,325.11659,0.3234210762734705,False
2001XX103,23.6,0.05,0.11,2037-06-02,65058.80902975584,0.11649,0.01525,3.4691454328804534,2461000.5,0.668,2.048078,6.2,79.3341,1070.6,0.679,85.2956,3.417,2452308.5377206737,39.014,0.3362600410984495,False
2001XX4,22.2,0.1,0.22,2059-03-26,47369.56128576624,0.1698,0.01132,5.901088389635413,2461000.5,0.557,1.006442,0.8,127.0836,368.8,0.446,186.8125,1.567,2461044.9813699294,316.5792,0.9761388286334056,False
2001YA1,20.9,0.18,0.4,2036-12-04,57404.55286188108,0.16578,0.16346,3.410175700702477,2461000.5,0.472,2.162344,28.0,255.2357,1161.4,1.143,168.1751,3.182,2461537.4849318312,193.57193,0.3099707249870845,False
2001YB1,21.7,,,-,50369.27879510424,,0.19702,4.097469848545642,2461000.5,0.29,1.664147,26.3,262.535,784.1,1.181,181.4807,2.147,2460890.651275732,50.43263,0.459125111592909,
2001YB5,20.7,0.19,0.4,2120-09-02,153241.95445384068,0.1596,0.00293,2.8947386602115035,2461000.5,0.864,2.341508,5.6,108.1919,1308.7,0.319,115.5076,4.364,2461486.693003671,224.3122,0.2750821425842439,False
2001YC1,24.8,0.029,0.06,2045-06-02,45134.892883281966,0.19448,0.03183,5.221129587872378,2461000.5,0.273,1.194515,20.3,263.7719,476.9,0.868,252.9215,1.521,2452319.998960527,71.11897,0.7548752358985112,False
2001YD1,24.9,0.028,0.06,2032-07-13,46842.632245737725,0.11653,0.01585,4.437679016767717,2461000.5,0.464,1.487967,7.0,85.6997,663.0,0.797,285.4883,2.179,2452207.6061765878,93.20644,0.5429864253393665,False
2001YE1,20.9,0.18,0.4,2039-03-25,71271.13710915216,0.07311,0.05835,3.766839690600203,2461000.5,0.502,1.912133,4.5,65.5775,965.8,0.953,98.0552,2.871,2461025.779586573,350.67711,0.3727479809484365,False
2001YM2,19.7,,,-,65964.94571999052,,0.0767,3.2918059648090594,2461000.5,0.571,2.382016,4.7,92.999,1342.8,1.022,293.1193,3.742,2461590.5406082333,201.8137,0.2680965147453083,
2001YM4,20.0,,,-,70110.42428505133,,0.30838,3.97445429840456,2461000.5,0.389,1.721043,26.2,290.6422,824.7,1.051,96.3536,2.391,2461255.984369744,248.47275,0.4365223717715533,
2001YN2,25.2,0.024,0.05,2072-11-28,67888.8503160534,0.18595,0.00109,3.043409391954837,2461000.5,0.719,2.501955,1.6,81.8949,1445.5,0.702,290.5118,4.302,2452217.293049785,28.24198,0.2490487720511933,True
2001YO2,21.3,0.15,0.3,2029-12-24,96544.14462315936,0.15646,0.15563,4.505619436228003,2461000.5,0.687,1.293999,48.1,266.0967,537.6,0.405,311.5482,2.183,2452336.879535109,41.17595,0.6696428571428571,False
2001YP3,22.3,0.09,0.21,2061-02-19,85763.9088343692,0.11327,0.01709,3.1599265487956476,2461000.5,0.623,2.493084,7.9,101.925,1437.8,0.941,36.2699,4.045,2460951.838443553,12.18399,0.2503825288635415,False
2001YR3,23.0,0.07,0.15,2034-12-27,50420.10623608224,0.12376,0.09151,4.044762731579361,2461000.5,0.377,1.692182,23.4,89.9542,804.0,1.054,23.5806,2.33,2452284.996166826,302.41467,0.44776119402985076,False
2001YT3,20.9,,,-,6155.600103296531,,0.28999,3.3880850612059845,2461000.5,0.463,2.373834,2.8,310.5156,1335.9,1.275,171.1106,3.473,2461631.4688139963,189.9657,0.26948124859645184,
2001YU3,19.9,0.28,0.6,2040-03-24,22291.98540294931,0.16206,0.15588,3.747917348115898,2461000.5,0.463,1.944555,8.5,82.1723,990.4,1.044,83.4791,2.846,2461270.027523297,262.03366,0.36348949919224555,False
2001YV3,20.4,0.22,0.5,2039-12-13,80793.65200658039,0.09416,0.03336,3.5204477037535904,2461000.5,0.719,1.946231,5.2,107.2002,991.7,0.548,244.4247,3.345,2461134.5094236922,311.35393,0.3630130079661188,False
2001YX11,20.3,0.23,0.5,2053-03-10,20999.382790309417,0.10922,0.10803,4.034276440458274,2461000.5,0.39,1.751776,5.5,216.1363,846.9,1.069,302.0247,2.434,2460797.279224164,86.38819,0.4250797024442083,False
2002AA2,20.5,0.21,0.5,2114-01-13,76522.56859078884,0.13716,0.088,3.2225132510236563,2461000.5,0.527,2.257176,35.0,107.1042,1238.6,1.068,7.9072,3.446,2460966.381822768,9.91612,0.2906507347004683,False
2002AA29,24.2,0.025,0.025,2093-07-24,47727.64314291384,0.14854,0.01146,6.100906103852201,2461000.5,0.013,0.992621,10.7,106.3483,361.2,0.98,101.7755,1.006,2461062.13852641,298.5684,0.9966777408637874,False
2002AB2,23.2,0.06,0.13,2029-01-13,67439.33282501712,0.04916,0.04895,6.911139388612372,2461000.5,0.384,0.840968,13.1,103.0054,281.7,0.518,149.6192,1.164,2461103.785592136,227.99968,1.2779552715654952,False
2002AC9,21.2,0.16,0.3,2030-08-21,46725.40531914984,0.10684,0.02879,4.002672400611724,2461000.5,0.56,1.703156,2.3,2.4133,811.9,0.749,28.6393,2.657,2461154.3311609854,291.78707,0.44340436014287476,False
2002AD29,21.1,,,-,58860.1545920262,,0.24859,3.8360526467623774,2461000.5,0.474,1.754515,31.7,112.592,848.9,0.923,273.2043,2.586,2452204.2626250153,129.22385,0.4240782188714807,
2002AE29,24.8,0.029,0.07,2052-11-20,41213.06462883204,0.0766,0.0203,3.2679374492100677,2461000.5,0.609,2.364692,3.6,117.4703,1328.2,0.924,307.4058,3.805,2452249.76785703,205.42573,0.27104351754253875,False
2002AF29,19.0,,,-,26991.32694813054,,0.33707,2.836373536276202,2461000.5,0.607,3.279204,8.0,215.9038,2169.0,1.289,284.0053,5.269,2460892.954734354,17.85024,0.16597510373443983,
2002AH29,21.6,0.13,0.28,2077-02-24,70720.6309036308,0.17767,0.12013,3.2630480999734592,2461000.5,0.557,2.416546,11.4,117.6527,1372.1,1.069,36.1293,3.764,2460524.8126281626,124.88507,0.262371547263319,False
2002AJ69,21.4,,,-,83128.07884450824,,0.22047,5.118702593552836,2461000.5,0.418,1.197955,27.3,116.0064,478.9,0.697,227.0192,1.699,2460792.064942454,156.68034,0.7517226978492378,
2002AK14,21.8,0.12,0.26,2040-06-28,66158.99951530069,0.18363,0.08356,5.9555414000351785,2461000.5,0.106,1.016481,18.0,117.3543,374.3,0.909,222.3507,1.124,2461139.481352784,226.33652,0.9617953513224686,False
2002AL31,24.8,0.029,0.07,2030-06-17,30390.344914583628,0.11838,0.01249,5.3374783950931235,2461000.5,0.247,1.176263,7.6,297.6333,466.0,0.885,247.2051,1.467,2461206.8897752045,200.42082,0.7725321888412017,False
2002AN129,26.5,0.013,0.03,2036-05-04,42515.063928475916,0.01007,0.00207,3.881750023961831,2461000.5,0.522,1.809565,0.3,94.7208,889.1,0.865,74.0845,2.754,2452328.6042210124,271.53613,0.40490383533910695,True
2002AO11,23.4,0.1,0.1,2038-01-15,46606.41513240444,0.0824,0.00247,6.4808287895754,2461000.5,0.162,0.917191,13.1,294.9804,320.8,0.769,305.9474,1.066,2461041.0348070967,314.51767,1.1221945137157108,False
2002AQ2,18.9,0.55,0.55,2037-01-21,46345.48566656904,0.16431,0.09253,3.0671242221921373,2461000.5,0.602,2.674779,11.6,325.6166,1597.8,1.066,159.7865,4.284,2460288.326415554,160.45674,0.22530980097634248,False
2002AR4,19.9,,,-,45331.220517132235,,0.19893,2.912804044487535,2461000.5,0.623,2.996593,7.8,60.5833,1894.7,1.129,92.9721,4.864,2461853.066038806,198.00918,0.19000369451628227,
2002AS4,22.2,0.1,0.21,2034-12-28,117832.65934897657,0.15439,0.03565,4.742384089830805,2461000.5,0.794,1.235741,26.3,285.3827,501.8,0.255,42.6698,2.217,2460764.164180067,169.56737,0.7174172977281785,False
2002AT4,21.3,0.15,0.3,2053-03-17,19385.907953451984,0.04702,0.04068,3.859236657676547,2461000.5,0.447,1.866461,1.5,323.3578,931.4,1.033,203.1688,2.7,2460721.4069444975,107.87598,0.3865149237706678,False
2002AV,20.9,0.18,0.4,2036-10-14,92781.35135477496,0.10866,0.02006,3.1440263508097077,2461000.5,0.657,2.470596,2.8,123.6138,1418.4,0.847,286.0441,4.094,2460730.69575904,68.47792,0.25380710659898476,False
2002AY1,20.8,0.18,0.4,2035-01-08,83745.37179238284,0.06515,0.00768,7.2824062947723815,2461000.5,0.437,0.779161,29.9,287.837,251.2,0.439,323.8156,1.12,2460896.465995166,149.08667,1.4331210191082804,False
2002AY3,20.9,0.18,0.4,2043-01-15,42005.6830043136,0.10181,0.10116,4.110270839518823,2461000.5,0.35,1.669999,20.5,294.3486,788.3,1.085,179.2424,2.255,2460956.6090675555,20.04493,0.45667892934162124,False
2002AZ1,21.7,0.12,0.28,2039-02-23,81134.17745798304,0.19664,0.01553,3.397570137478509,2461000.5,0.667,2.118658,8.1,113.5827,1126.4,0.706,97.1495,3.531,2461374.639947491,239.98434,0.3196022727272727,False
2002BA1,21.6,0.13,0.28,2073-03-19,13633.920203243111,0.123,0.12919,3.642959978891155,2461000.5,0.457,2.061315,2.7,118.8153,1081.0,1.119,58.0597,3.004,2461006.704056125,357.93387,0.3330249768732655,False
2002BF25,22.6,0.152,0.152,2030-09-01,18646.832757388176,0.15081,0.01912,5.723598073049352,2461000.5,0.222,1.074585,6.3,305.7653,406.9,0.837,77.8857,1.313,2461155.0124040265,223.28804,0.8847382649299582,False
2002BG,20.6,0.2,0.4,2055-01-19,46830.941878366444,0.14198,0.14125,4.860290171358593,2461000.5,0.164,1.318526,23.1,115.4537,553.0,1.102,33.6441,1.535,2461180.0390736884,243.1227,0.650994575045208,False
2002BG25,21.0,0.17,0.4,2028-02-03,115752.9913667622,0.12886,0.05171,4.847268395330818,2461000.5,0.234,1.231983,48.8,316.5329,499.5,0.944,239.238,1.52,2460854.2335546077,105.42457,0.7207207207207207,False
2002BJ2,17.0,1.1,2.4,2042-09-29,79256.55305342845,0.09622,0.07841,3.392310157074327,2461000.5,0.654,2.04903,26.1,16.4173,1071.3,0.709,61.0083,3.389,2460767.7900809473,78.19817,0.3360403248389807,False
2002BM,24.3,0.04,0.08,2067-01-06,38260.49810146884,0.07248,0.01098,3.130871561105569,2461000.5,0.617,2.527821,12.2,295.9956,1468.0,0.969,171.558,4.087,2452284.4570156676,319.0489,0.2452316076294278,False
2002BM26,20.2,0.84,0.84,2064-02-22,59215.370401388514,0.12453,0.03004,3.860973738651038,2461000.5,0.445,1.8321,16.2,319.5809,905.8,1.017,180.5491,2.647,2461379.3070339574,209.44388,0.3974387281960698,False
2002BM5,22.4,0.09,0.19,2050-01-21,39647.81223783648,0.12201,0.12087,4.374369103301974,2461000.5,0.299,1.544877,14.7,308.8847,701.4,1.083,151.1001,2.007,2460690.6836063284,158.97632,0.5132591958939264,False
2002CA26,26.6,0.013,0.029,2050-01-23,54932.26664851056,0.10149,0.00263,3.178205954444325,2461000.5,0.67,2.397674,0.4,116.7126,1356.1,0.791,321.7353,4.005,2452272.7743474166,183.29141,0.2654671484403805,False
2002CB19,25.1,0.026,0.06,2034-01-29,92855.1372095358,0.10518,0.00186,4.903767283326809,2461000.5,0.452,1.282653,17.1,318.0161,530.6,0.703,88.7797,1.862,2460750.833225551,169.39518,0.6784771956275913,False
2002CB26,27.0,0.011,0.024,2051-02-16,80510.77475904743,0.13014,0.00115,3.507273445588644,2461000.5,0.724,1.950007,6.8,139.4811,994.6,0.539,265.8765,3.361,2452268.304956691,280.05101,0.36195455459481196,False
2002CC14,25.0,0.027,0.06,2028-02-13,73083.21197270617,0.12008,0.00961,7.050882465131076,2461000.5,0.403,0.820584,12.7,137.5445,271.5,0.49,218.2543,1.151,2460907.1644440903,123.87112,1.3259668508287292,False
2002CC26,24.4,0.03,0.08,2104-02-20,26944.685139580346,0.15166,0.06003,3.4097047642440366,2461000.5,0.539,2.257656,5.4,324.6512,1239.0,1.04,207.7677,3.475,2461027.1066466877,352.26952,0.29055690072639223,False
2002CN15,20.7,0.19,0.4,2026-10-25,131846.6996265222,0.14853,0.06164,4.649395799711896,2461000.5,0.696,1.324511,6.1,298.4905,556.8,0.402,332.245,2.247,2460735.058710884,171.62846,0.646551724137931,False
2002CP4,21.2,0.15,0.3,2069-01-12,30355.106599665214,0.16415,0.14602,4.016704710902211,2461000.5,0.38,1.747223,14.4,308.1617,843.6,1.083,139.4792,2.411,2460700.3567808005,128.0885,0.4267425320056899,False
2002CR11,20.5,0.21,0.5,2053-02-02,63616.225531983844,0.18893,0.16842,3.1348796500376443,2461000.5,0.59,2.487752,20.9,323.9613,1433.2,1.021,123.8783,3.955,2460886.011695293,28.75781,0.2511861568518002,False
2002CS11,21.7,,,-,,,0.21654,3.7009777670240362,2461000.5,0.405,2.017921,9.8,346.1637,1047.0,1.2,160.4451,2.836,2460699.8326125946,103.37946,0.3438395415472779,
2002CT46,20.8,0.16,0.16,2042-03-05,45848.82297291192,0.18835,0.13561,3.301696726607708,2461000.5,0.525,2.369935,15.7,157.2151,1332.6,1.126,356.9233,3.614,2461626.999977433,190.79719,0.270148581719946,False
2002CU46,21.3,0.15,0.3,2027-08-16,78436.09510855237,0.14153,0.09163,3.803820674991254,2461000.5,0.565,1.736255,32.2,144.9234,835.6,0.755,92.9976,2.717,2452388.419921778,109.97458,0.430828147438966,False
2002CV11,24.0,0.04,0.09,2035-01-27,25302.927557520146,0.08547,0.03397,4.305716659213118,2461000.5,0.395,1.555473,17.1,136.5058,708.6,0.941,314.4492,2.17,2452274.879822281,112.64736,0.5080440304826418,False
2002CV46,21.6,0.12,0.28,2061-02-17,76000.0312669806,0.17129,0.17012,4.493898970132584,2461000.5,0.198,1.416496,36.7,146.0132,615.8,1.136,29.288,1.697,2460972.2939729714,16.49011,0.5846053913608315,False
2002CW11,25.9,0.017,0.04,2027-04-16,20825.487915715836,0.11797,0.01053,6.812430674166384,2461000.5,0.225,0.864551,3.1,137.2602,293.6,0.67,210.4165,1.059,2461018.8600820904,337.44253,1.2261580381471389,False
2002CX58,22.2,0.13,0.13,2069-03-26,60746.149872957605,0.05386,0.04543,2.9563297406137408,2461000.5,0.644,2.85193,2.5,106.5656,1759.2,1.014,80.1331,4.69,2460944.663317592,11.42656,0.20463847203274216,False
2002CY9,19.5,0.3,0.7,2076-01-18,90748.47827921256,0.18044,0.00571,3.880889172767697,2461000.5,0.507,1.64671,42.0,305.2831,771.8,0.811,117.3768,2.482,2460747.9887315524,117.7766,0.46644208344130605,False
2002DC3,26.2,0.015,0.03,2033-03-30,40662.967269716646,0.19394,0.02564,4.105865448104368,2461000.5,0.403,1.699758,3.4,154.0397,809.4,1.015,355.3748,2.385,2452323.4818471707,257.23563,0.4447739065974796,False
2002DH2,20.4,0.23,0.5,2052-03-10,67581.94089963815,0.09676,0.07373,3.52256429681855,2461000.5,0.54,2.05299,20.9,345.2992,1074.4,0.945,232.1113,3.161,2460965.379910603,11.76736,0.3350707371556217,False
2002DO3,22.0,0.11,0.24,2035-03-21,85820.59386607463,0.06714,0.02996,3.831121847661667,2461000.5,0.499,1.860518,3.8,56.1017,926.9,0.932,165.748,2.789,2460729.3341851314,104.49452,0.3883914122343295,False
2002DQ3,24.0,0.04,0.09,2051-02-27,24737.03703795856,0.0688,0.04977,4.747068827318398,2461000.5,0.255,1.386723,5.1,340.487,596.5,1.034,160.4064,1.74,2461267.140824636,199.06895,0.6035205364626991,False
2002EA,22.5,0.08,0.19,2031-08-14,63318.979023364795,0.08414,0.03578,4.6907519160969855,2461000.5,0.423,1.37809,11.3,342.2544,590.9,0.795,263.0171,1.961,2452401.006194077,200.07948,0.6092401421560332,False
2002EC,23.5,0.05,0.12,2043-03-06,23731.745948578297,0.06487,0.04959,3.5190542981726805,2461000.5,0.517,2.151917,0.9,349.7141,1153.0,1.039,160.7081,3.265,2461541.599334504,191.17265,0.31222896790980054,False
2002EC3,21.3,0.15,0.3,2040-03-21,43883.69670242856,0.13783,0.05621,4.948451708644932,2461000.5,0.346,1.287325,13.9,355.2589,533.5,0.842,264.3002,1.733,2460953.810789264,31.50564,0.6747891283973758,False
2002EG116,21.6,,,-,,,0.31536,4.735592178058564,2461000.5,0.078,1.396689,12.2,158.128,602.9,1.288,50.6434,1.505,2460840.1250574905,95.76153,0.5971139492453144,
2002EM7,24.8,0.03,0.07,2026-06-26,67882.41499889808,0.11294,0.00067,6.434400903978048,2461000.5,0.363,0.920947,1.5,345.9643,322.8,0.586,58.8865,1.256,2460984.4499316253,17.9124,1.1152416356877324,True
2002EN7,21.4,0.14,0.3,2027-09-05,99110.50320923928,0.17138,0.06129,5.019615338980597,2461000.5,0.362,1.246726,22.1,350.2062,508.5,0.796,297.3306,1.698,2461101.1718002134,288.722,0.7079646017699115,False
2002ES11,21.8,0.12,0.26,2029-05-17,49373.4213027504,0.13853,0.12883,3.938722144312051,2461000.5,0.402,1.81786,6.2,343.4309,895.2,1.088,251.091,2.548,2461378.9719857653,207.79753,0.40214477211796246,False
2002ET11,20.5,,,-,31231.44492003972,,0.21997,3.3028645952248503,2461000.5,0.534,2.38973,10.9,160.1675,1349.3,1.114,81.579,3.665,2460565.233692558,116.12767,0.26680501000518786,
2002EU11,21.3,0.14,0.3,2039-04-20,71134.26895884384,0.12936,0.01432,3.157317135177908,2461000.5,0.688,2.393466,2.9,345.919,1352.5,0.747,274.8437,4.04,2452405.7308064057,130.79702,0.266173752310536,False
2002EV,23.2,0.06,0.14,2056-03-16,33702.342588895895,0.18237,0.04249,3.216582157631029,2461000.5,0.581,2.459471,10.4,156.2343,1408.8,1.031,353.3778,3.888,2460764.274406895,60.34356,0.25553662691652473,False
2002EV11,20.0,0.27,0.6,2072-03-07,88170.37836386652,0.11078,0.04437,3.0457705096864283,2461000.5,0.89,2.099795,11.6,183.5687,1111.4,0.232,218.1312,3.968,2461167.878310546,305.7827,0.32391578189670683,False
2002EW,20.8,0.19,0.4,2045-03-02,150700.7110427291,0.0661,0.06638,3.999559796932648,2461000.5,0.788,1.56308,6.7,15.7148,713.8,0.332,24.3452,2.794,2460857.0757054687,72.33621,0.5043429532081816,False
2002EW11,25.1,0.026,0.06,2030-07-22,35278.79586303816,0.05834,0.01269,4.399731407136672,2461000.5,0.429,1.51906,3.8,169.5731,683.9,0.868,66.9008,2.17,2452397.8313721484,207.749,0.5263927474777015,False
2002EW8,23.8,0.05,0.1,2110-02-04,76212.96720285529,0.17569,0.04026,3.8541005518958387,2461000.5,0.46,1.847423,11.4,176.4992,917.2,0.998,328.6401,2.697,2460572.4792247536,168.00398,0.39249890972525076,False
2002EX8,20.7,,,-,51336.3670797132,,0.06521,3.655827587944966,2461000.5,0.548,1.892471,26.1,177.3554,950.9,0.855,66.6912,2.93,2460959.2812642213,15.60468,0.3785887054369545,
2002EY,20.2,,,-,39945.6927557964,,0.10975,3.369546492471497,2461000.5,0.631,2.135652,20.2,170.2851,1140.0,0.788,265.5195,3.483,2461395.28181135,235.32901,0.3157894736842105,
2002EY11,21.9,0.11,0.25,2045-02-26,25379.794032089256,0.1851,0.18472,3.4751139404238836,2461000.5,0.478,2.219595,9.8,176.2952,1207.8,1.158,329.1189,3.281,2460775.4804083505,67.13689,0.29806259314456035,False
2002FB,27.0,0.011,0.024,2043-03-31,22165.019807168017,0.1883,0.01339,5.256302558792074,2461000.5,0.187,1.205233,7.0,355.6815,483.3,0.98,143.4411,1.43,2461018.8659271873,346.03453,0.74487895716946,False
2002FO7,20.0,,,-,,,0.30101,5.049545494270261,2461000.5,0.446,1.218439,26.0,168.336,491.3,0.674,204.5886,1.762,2461022.398340667,343.95241,0.7327498473437818,
2002FP5,21.4,,,-,,,0.22089,4.016286466005206,2461000.5,0.299,1.740415,21.6,9.3557,838.6,1.219,173.9219,2.261,2460749.813612654,107.6108,0.4292869067493441,
2002FQ5,20.5,0.21,0.5,2039-09-03,65060.98675540668,0.09149,0.03353,3.689296224637698,2461000.5,0.59,1.914283,7.6,195.9441,967.4,0.786,81.0924,3.043,2461151.5881882054,303.77551,0.3721314864585487,False
2002FS6,25.3,0.024,0.05,2069-03-22,28265.313038205455,0.07059,0.03672,3.889094248045636,2461000.5,0.452,1.832774,7.5,1.2185,906.3,1.005,150.477,2.66,2452330.083394189,202.26653,0.39721946375372397,False
2002FT5,21.5,0.13,0.29,2040-03-18,74247.40972238184,0.18742,0.16315,6.10698062012863,2461000.5,0.3,0.967018,28.1,7.9265,347.3,0.677,31.4973,1.257,2460922.2296601958,81.12402,1.0365678088108263,False
2002FU5,21.2,0.16,0.3,2053-08-12,51031.192213387796,0.17159,0.05306,3.0723423265667087,2461000.5,0.702,2.490354,4.2,111.5307,1435.5,0.743,156.6222,4.238,2461077.8978109155,340.39739,0.2507836990595611,False
2002FW1,24.5,0.03,0.07,2026-05-23,48312.89132147928,0.17765,0.00961,7.066150502126336,2461000.5,0.343,0.822891,6.6,163.7177,272.7,0.541,223.4139,1.105,2452259.502233026,12.45767,1.3201320132013201,False
2002GD10,22.7,0.08,0.17,2049-04-13,38296.734281779325,0.15101,0.05827,5.182267391282413,2461000.5,0.131,1.216787,19.2,205.8371,490.3,1.058,343.0246,1.376,2461188.3001599787,222.09552,0.7342443401998776,False
2002GF8,20.7,,,-,12092.730020490133,,0.24685,3.4546774042648063,2461000.5,0.453,2.28518,4.8,19.6187,1261.8,1.25,238.268,3.32,2461272.7306105215,282.31801,0.28530670470756064,
2002GG1,23.9,0.04,0.1,2048-06-09,80957.05363155961,0.14145,0.03463,3.3375597065485496,2461000.5,0.566,2.3211,5.8,8.9045,1291.6,1.007,213.9208,3.636,2461438.7274217345,237.42162,0.27872406317745435,False
2002GG8,24.9,0.028,0.06,2030-04-03,40483.629475191,0.03966,0.03368,3.3256382885514943,2461000.5,0.571,2.30352,12.5,201.1205,1277.0,0.988,327.846,3.619,2452348.8360471576,276.53788,0.28191072826938135,False
2002GJ1,23.4,0.06,0.12,2033-04-10,30663.563090162435,0.03266,0.03104,3.672244491534215,2461000.5,0.503,1.993837,6.9,187.5324,1028.3,0.991,36.0512,2.996,2452394.818241875,129.0559,0.3500923854906156,False
2002GJ8,19.6,,,-,81913.61284846163,,0.01258,2.6069481774784067,2461000.5,0.683,3.226767,30.2,144.6806,2117.1,1.024,174.5027,5.43,2460213.5117337788,133.81997,0.17004392801473714,
2002GK1,22.6,0.08,0.18,2096-05-13,49792.35798059112,0.13983,0.02332,3.111625577710795,2461000.5,0.623,2.546458,12.6,19.4418,1484.2,0.961,216.3993,4.132,2452400.7848341805,299.80007,0.24255491173696267,False
2002GM5,21.9,0.11,0.25,2061-04-10,66653.44781641812,0.09994,0.0031,3.352546081430074,2461000.5,0.699,2.128129,7.3,12.3453,1134.0,0.641,275.7963,3.615,2452430.403129641,199.44331,0.31746031746031744,True
2002GN5,22.4,0.09,0.19,2067-04-13,14931.012225066012,0.13996,0.1377,4.301337488553978,2461000.5,0.29,1.60381,6.1,33.0394,741.9,1.139,163.0739,2.069,2461274.442260962,227.06681,0.4852405984634048,False
2002GP5,20.6,,,-,60597.208687147206,,0.25486,3.892488088798216,2461000.5,0.303,1.770306,31.0,27.9409,860.3,1.234,153.5086,2.307,2460957.679808347,17.88767,0.41845867720562596,
2002GQ,26.6,0.012,0.028,2029-05-16,34102.011355767354,0.16424,0.00338,7.472935791208524,2461000.5,0.375,0.768383,10.6,189.3751,246.0,0.48,206.3782,1.057,2460887.718959853,166.2826,1.4634146341463414,False
2002GR,23.2,0.06,0.13,2027-04-08,36250.542051534,0.17173,0.00525,5.263766206994017,2461000.5,0.208,1.201453,7.3,183.7588,481.0,0.952,313.8159,1.451,2460977.4225235106,17.29571,0.7484407484407485,False
2002HE8,20.4,0.22,0.5,2027-04-25,56400.63215136552,0.12687,0.12528,4.927670898123238,2461000.5,0.124,1.292259,24.4,33.4287,536.6,1.132,187.5946,1.453,2460991.850102699,5.80358,0.6708907938874394,False
2002HP11,20.4,0.22,0.5,2031-10-01,98904.1776953256,0.15756,0.0159,3.3245291145352533,2461000.5,0.765,2.068659,5.1,8.9973,1086.8,0.487,90.6286,3.65,2461013.4961698833,355.69487,0.33124769966875234,False
2002JD9,23.0,0.07,0.15,2032-01-01,36615.2423318064,0.19087,0.05354,5.732850685719468,2461000.5,0.44,1.055733,6.6,208.1516,396.2,0.591,139.0878,1.521,2461194.412934247,183.81056,0.9086320040383645,False
2002JQ9,19.0,0.4,1.0,2031-11-17,51501.46961381904,0.14658,0.04727,5.284434232131858,2461000.5,0.395,1.156601,25.0,51.8696,454.3,0.7,76.1038,1.613,2460966.129513236,27.23418,0.7924279110719789,False
2002JQ97,23.2,0.06,0.13,2111-06-12,31016.75629816375,0.06928,0.0418,3.59172153836416,2461000.5,0.493,2.090918,0.8,252.9404,1104.3,1.059,14.8739,3.123,2461276.057214296,270.17235,0.32599837000814996,False
2002JR100,24.3,0.028,0.028,2026-05-03,51966.965136973675,0.08351,0.0197,6.436393070851148,2461000.5,0.299,0.923675,3.7,202.2521,324.2,0.648,254.2575,1.2,2461073.94251892,278.45956,1.1104256631708822,False
2002JU15,25.6,0.02,0.04,2041-12-24,67486.76777403503,0.16718,0.00233,5.308975256927462,2461000.5,0.214,1.184592,10.7,223.1608,470.9,0.931,302.9322,1.438,2452348.695826291,135.02009,0.7644935230409854,False
2002JZ8,21.2,0.15,0.3,2057-03-25,77979.15338817817,0.04832,0.03733,2.9872627625484722,2461000.5,0.63,2.774728,11.4,196.3439,1688.2,1.026,343.7884,4.523,2460696.7337898873,64.77578,0.21324487619950241,False
2002KG4,20.8,0.18,0.4,2057-05-30,68103.02739779495,0.08665,0.03896,2.770744353374509,2461000.5,0.66,2.940365,27.6,64.4116,1841.6,1.0,149.8827,4.88,2461575.4917874383,247.98454,0.19548218940052128,False
2002KK8,20.9,0.18,0.4,2043-06-03,53391.2328855702,0.07085,0.03003,3.64994645608128,2461000.5,0.465,1.954534,24.5,76.9586,998.1,1.045,174.1759,2.864,2461410.7059149374,212.04113,0.3606853020739405,False
2002KM3,22.3,0.09,0.2,2039-06-11,50561.35968428496,0.11724,0.0471,5.027213849091625,2461000.5,0.343,1.265149,9.4,236.7817,519.8,0.831,92.4073,1.7,2460810.782353023,131.40118,0.6925740669488265,False
2002LD31,21.4,0.14,0.3,2041-06-15,37562.920838253,0.15197,0.09727,4.519544621028262,2461000.5,0.257,1.464698,19.5,82.644,647.5,1.089,209.9679,1.841,2460880.834959211,66.53488,0.555984555984556,False
2002LG3,19.9,0.28,0.6,2049-12-16,130028.4251316209,0.12468,0.10372,3.0947578893951504,2461000.5,0.749,2.35686,6.1,182.273,1321.6,0.591,174.4557,4.123,2460461.1052935785,146.9299,0.27239709443099275,False
2002LH3,20.2,0.24,0.5,2036-07-13,19184.53842680328,0.18415,0.1449,3.581390164786722,2461000.5,0.455,2.123346,6.4,87.2683,1130.1,1.157,203.2177,3.09,2461507.7359097498,198.42159,0.3185558800106186,False
2002LK,24.5,0.03,0.07,2030-12-06,46057.0226420934,0.13029,0.02109,5.54112842052863,2461000.5,0.149,1.103537,25.0,248.4139,423.4,0.94,285.7536,1.267,2460822.0460469816,151.97304,0.8502598016060463,False
2002LR24,24.5,0.03,0.07,2068-05-31,41418.819438725885,0.1551,0.02015,5.053943719013532,2461000.5,0.203,1.253773,20.0,256.4138,512.8,1.0,38.6224,1.508,2461182.701160675,232.36798,0.702028081123245,False
2002LS24,22.2,0.1,0.22,2060-06-19,65806.66831023037,0.06587,0.05943,3.385880641585149,2461000.5,0.553,2.264385,8.3,70.3851,1244.6,1.013,225.5445,3.516,2461187.909671898,305.75721,0.28924955809095293,False
2002LW,22.6,0.08,0.18,2043-06-11,52700.00661318744,0.12272,0.03387,5.9831334124620135,2461000.5,0.102,1.016275,11.2,250.1016,374.2,0.913,126.1405,1.12,2461152.420916814,213.84803,0.9620523784072689,False
2002LX,21.2,0.15,0.3,2026-01-27,46587.305949271555,0.06582,0.03755,3.098989682016681,2461000.5,0.669,2.518233,3.2,197.4274,1459.6,0.834,345.4132,4.202,2461104.139005937,334.43868,0.24664291586736092,False
2002LX64,21.1,0.16,0.4,2032-06-13,56711.47715668656,0.13288,0.04142,4.670205268791631,2461000.5,0.571,1.357086,4.8,285.5037,577.4,0.583,230.984,2.132,2461033.3140552556,339.5425,0.6234845860755109,False
2002LY1,22.4,0.09,0.2,2027-02-10,39351.52178720604,0.10614,0.01169,6.2382569625034465,2461000.5,0.379,0.955528,2.9,247.7632,341.2,0.594,134.3391,1.317,2461039.7255002996,318.6084,1.0550996483001174,False
2002LZ45,23.0,0.07,0.15,2030-09-16,54967.92689436372,0.17601,0.00563,3.2767184018089717,2461000.5,0.637,2.306379,6.2,90.8714,1279.4,0.836,240.2714,3.777,2461470.9836735483,229.42565,0.2813818977645771,False
2002MN,23.6,0.05,0.11,2029-02-26,75716.26371031284,0.17959,0.00035,3.88828721597082,2461000.5,0.5,1.816286,1.0,85.2914,894.1,0.909,131.5995,2.724,2461338.113296982,224.05998,0.4026395257801141,False
2002MR3,21.9,0.11,0.25,2035-07-06,46915.8715578168,0.16097,0.04145,4.303239537181733,2461000.5,0.618,1.499112,9.7,110.2175,670.4,0.573,67.3794,2.425,2461110.4317959365,300.96952,0.5369928400954654,False
2002MS3,19.2,0.4,0.8,2039-07-17,57234.41763368904,0.08109,0.08311,3.170264243717302,2461000.5,0.614,2.39063,21.8,105.7248,1350.1,0.923,240.0366,3.858,2460637.168647862,96.88093,0.26664691504333016,False
2002MT1,21.3,,,-,25479.688906762523,,0.20655,3.3590322092124767,2461000.5,0.494,2.37933,4.7,205.2602,1340.5,1.204,82.9745,3.555,2460488.101022259,137.60378,0.26855650876538606,
2002MT3,20.0,0.27,0.6,2050-05-24,61716.04795635408,0.18816,0.00053,2.905984165783703,2461000.5,0.671,2.87423,6.3,167.1314,1779.8,0.947,27.6697,4.802,2461027.590696952,354.49545,0.20226991796831106,False
2002MX,22.3,0.09,0.21,2037-12-05,92063.2098096702,0.11813,0.01445,2.913397685066366,2461000.5,0.797,2.50745,2.0,283.6815,1450.3,0.509,238.2051,4.506,2452392.1023669266,337.36807,0.24822450527477075,False
2002MY,22.5,0.08,0.18,2056-06-29,62515.3385254302,0.04931,0.04034,4.855916063945217,2461000.5,0.211,1.334991,14.7,95.0228,563.4,1.053,194.992,1.617,2460923.746425999,49.04393,0.6389776357827476,False
2002NE71,19.1,0.4,0.9,2048-01-04,88972.45641567145,0.06215,0.05034,3.693752251823309,2461000.5,0.585,1.914964,7.2,264.5041,967.9,0.796,144.2139,3.034,2461297.1648724247,249.6609,0.37193924992251265,False
2002NW,23.9,0.04,0.1,2045-07-09,106359.49978072777,0.06168,0.01405,4.05131085974888,2461000.5,0.669,1.611879,6.0,102.1004,747.5,0.534,288.3391,2.69,2452518.478250411,123.16678,0.4816053511705686,False
2002NY40,19.2,0.28,0.28,2038-02-11,73469.4380273628,0.00729,0.00124,3.4200949656896427,2461000.5,0.708,2.05023,5.9,145.2529,1072.3,0.599,269.9345,3.502,2461127.9468133063,317.21139,0.3357269420871025,False
2002OY21,20.4,0.22,0.5,2040-08-12,71055.70810165981,0.08973,0.08738,4.567631018232308,2461000.5,0.67,1.35828,13.9,119.0676,578.2,0.448,314.524,2.269,2461227.804247815,218.47686,0.6226219301279834,False
2002PB,20.6,0.2,0.4,2031-02-05,77305.64659051463,0.1997,0.16597,5.569236360285719,2461000.5,0.343,1.072276,32.9,142.7594,405.6,0.704,49.3869,1.441,2460908.23808709,81.89675,0.8875739644970414,False
2002PC11,19.9,,,-,9986.884234886233,,0.2599,3.517794390830488,2461000.5,0.434,2.220048,4.2,226.8409,1208.2,1.256,143.0821,3.184,2461013.5138279404,356.12237,0.29796391325939414,
2002PD11,20.1,0.25,0.6,2065-08-17,76708.48108544711,0.12262,0.10679,2.985407956375704,2461000.5,0.863,2.224151,12.2,296.7831,1211.6,0.305,150.7765,4.144,2461044.2097910927,347.79813,0.29712776493892373,False
2002PE130,18.4,0.6,1.2,2055-10-03,93153.45915789336,0.08493,0.01611,3.092802170177179,2461000.5,0.625,2.551884,15.5,357.191,1489.0,0.958,34.0061,4.146,2461512.2061346113,236.28187,0.24177300201477503,False
2002PE43,24.8,,,-,29121.412363920364,,0.02216,3.5990921361346007,2461000.5,0.5,2.067335,7.7,318.4544,1085.7,1.033,9.3885,3.102,2452504.913849293,295.61971,0.33158331030671456,
